id,camo_id,criteria_order,criteria_text
1,49,1,Reach Max Level with the M15 Mod 0
2,49,2,Enter Weapon Prestige 1
3,50,1,Reach Max Level with the M15 Mod 0
4,50,2,Enter Weapon Prestige 2
5,51,1,Reach Weapon Prestige Master Level 100 with the M15 Mod 0
6,52,1,Reach Weapon Prestige Master Level 150 with the M15 Mod 0
7,53,1,Reach Weapon Prestige Master Level 200 with the M15 Mod 0
8,54,1,Reach Weapon Prestige Master Level 250 with the M15 Mod 0
9,1,1,Get 25 Critical Kills
10,2,1,Get 50 Critical Kills
11,3,1,Get 100 Critical Kills
12,4,1,Get 150 Critical Kills
13,5,1,Get 200 Critical Kills
14,6,1,Get 250 Critical Kills
15,7,1,Get 300 Critical Kills
16,8,1,Get 400 Critical Kills
17,9,1,Get 500 Critical Kills
18,10,1,Unlock all Co-Op Campaign Military Camos
19,10,2,Kill 50 Kills shortly after sprinting.
20,11,1,Unlock all Co-Op Campaign Camos
21,11,2,With a 4.0x or higher magnification scope equipped get 100 Eliminations
22,12,1,Unlock all Co-Op Campaign Camos
23,12,2,Eliminate 100 Fear enemies
24,13,1,Unlock all Co-Op Campaign Special Camos
25,13,2,Eliminate 20 Special enemies
26,14,1,Unlock Molten Gold Camo
27,14,2,Unlock Molten Gold Camo on 6 Assault Rifles
28,14,3,In Endgame: eliminate 100 Zone III or Zone IV enemies
29,15,1,Unlock Moonstone Camo
30,15,2,Unlock Moonstone Camo on 30 Weapons
31,15,3,Eliminate 10 Elite enemies
32,16,1,Unlock Chroma Flux Camo
33,16,2,Unlock Chroma Flux Camo on 30 Weapons
34,17,1,Get 5 Headshots
35,18,1,Get 10 Headshots
36,19,1,Get 20 Headshots
37,20,1,Get 30 Headshots
38,21,1,Get 40 Headshots
39,22,1,Get 50 Headshots
40,23,1,Get 60 Headshots
41,24,1,Get 70 Headshots
42,25,1,Get 80 Headshots
43,26,1,Unlock all Multiplayer Military Camos for the M15 Mod 0
44,26,2,Get 50 Kills while moving
45,27,1,Unlock all Multiplayer Military Camos Camos
46,27,2,Get 40 Objective Kills
47,28,1,Unlock all Multiplayer Military Camos
48,28,2,Get 20 Kills with an Underbarrel Launcher Attachment equipped
49,29,1,Unlock all Multiplayer Special Camos for the M15 Mod 0
50,29,2,Get 3 Kills without dying 10 times
51,30,1,Unlock Shattered Gold Camo
52,30,2,Unlock Shattered Gold Camo on 6 Assault Rifles
53,30,3,Get 10 Double Kills or better
54,31,1,Unlock Arclight Camo
55,31,2,Unlock Arclight Camo on 30 Weapons
56,31,3,Get 5 Kills without dying 3 times
57,32,1,Unlock Tempest Camo on 30 Weapons
58,33,1,Get 50 Critical Kills
59,34,1,Get 100 Critical Kills
60,35,1,Get 200 Critical Kills
61,36,1,Get 300 Critical Kills
62,37,1,Get 400 Critical Kills
63,38,1,Get 500 Critical Kills
64,39,1,Get 650 Critical Kills
65,40,1,Get 800 Critical Kills
66,41,1,Get 1000 Critical Kills
67,42,1,Unlock all Zombies Military Camos for the M15 Mod 0
68,42,2,Get 300 Hipfire Kills
69,43,1,Unlock all Zombies Military Camos Camos
70,43,2,Get 3 Critical Kills consecutively 5 times
71,44,1,Unlock all Zombies Military Camos
72,44,2,Get 300 Kills with Fire Works activations
73,45,1,Unlock all Zombies Special Camos
74,45,2,Get 10 Kills rapidly 15 times
75,46,1,Unlock Golden Dragon Camo
76,46,2,Unlock Golden Dragon Camo on 6 Assault Rifles
77,46,3,Get 20 or more consecutive Kills without taking damage 5 times
78,47,1,Unlock Bloodstone Camo
79,47,2,Unlock Bloodstone Camo on 30 Weapons
80,47,3,Eliminate 10 Elite Zombies
81,48,1,Unlock Doomsteel Camo
82,48,2,Unlock Doomsteel Camo on 2 Weapons
83,55,1,Reach Max Level with the MXR-17
84,55,2,Enter Weapon Prestige 1
85,56,1,Reach Max Level with the MXR-17
86,56,2,Enter Weapon Prestige 2
87,51,1,Reach Weapon Prestige Master Level 100 with the MXR-17
88,52,1,Reach Weapon Prestige Master Level 150 with the MXR-17
89,53,1,Reach Weapon Prestige Master Level 200 with the MXR-17
90,57,1,Reach Weapon Prestige Master Level 250 with the MXR-17
91,1,1,Get 25 Critical Kills
92,2,1,Get 50 Critical Kills
93,3,1,Get 100 Critical Kills
94,4,1,Get 150 Critical Kills
95,5,1,Get 200 Critical Kills
96,6,1,Get 250 Critical Kills
97,7,1,Get 300 Critical Kills
98,8,1,Get 400 Critical Kills
99,9,1,Get 500 Critical Kills
100,10,1,Unlock all Co-Op Campaign Military Camos
101,10,2,With 8 Attachments equipped: Get 100 Eliminations
102,11,1,Unlock all Co-Op Campaign Camos
103,11,2,Get 100 eliminations with the MXR-17 at Rare Rarity or higher
104,12,1,Unlock all Co-Op Campaign Camos
105,12,2,Get 3 Kills rapidly 10 times
106,13,1,Unlock all Co-Op Campaign Special Camos
107,13,2,Eliminate 20 Special enemies
108,14,1,Unlock Molten Gold Camo
109,14,2,Unlock Molten Gold Camo on 6 Assault Rifles
110,14,3,In Endgame: Eliminate 100 Zone III or Zone IV enemies with the MXR-17
111,15,1,Unlock Moonstone Camo
112,15,2,Unlock Moonstone Camo on 30 Weapons
113,15,3,Eliminate 10 Elite enemies with the MXR-17
114,16,1,Unlock Chroma Flux Camo
115,16,2,Unlock Chroma Flux Camo on 30 Weapons
116,17,1,Get 5 Headshots
117,18,1,Get 10 Headshots
118,19,1,Get 20 Headshots
119,20,1,Get 30 Headshots
120,21,1,Get 40 Headshots
121,22,1,Get 50 Headshots
122,23,1,Get 60 Headshots
123,24,1,Get 70 Headshots
124,25,1,Get 80 Headshots
125,26,1,Unlock all Multiplayer Military Camos
126,26,2,With 5 or more Attachments: Get 50 eliminations
127,27,1,Unlock all Multiplayer Military Camos Camos
128,27,2,Get 30 Kills while or shortly after sprinting
129,28,1,Unlock all Multiplayer Military Camos
130,28,2,With an Underbarrel Launcher Attachment equipped: Get 20 Kills
131,29,1,Unlock all Multiplayer Special Camos
132,29,2,Get 3 Kills without dying 10 times
133,30,1,Unlock Shattered Gold Camo
134,30,2,Unlock Shattered Gold Camo on 6 Assault Rifles
135,30,3,Get 10 Double Kills or better
136,31,1,Unlock Arclight Camo
137,31,2,Unlock Arclight Camo on 30 Weapons
138,31,3,Get 5 Kills without dying 3 times
139,32,1,Unlock Tempest Camo
140,32,2,Unlock Tempest Camo on 30 Weapons
141,33,1,Get 50 Critical Kills
142,34,1,Get 100 Critical Kills
143,35,1,Get 200 Critical Kills
144,36,1,Get 300 Critical Kills
145,37,1,Get 400 Critical Kills
146,38,1,Get 500 Critical Kills
147,39,1,Get 650 Critical Kills
148,40,1,Get 800 Critical Kills
149,41,1,Get 1000 Critical Kills
150,42,1,Unlock all Zombies Military Camos
151,42,2,Get 5 Critical Kills rapidly 15 times
152,43,1,Unlock all Zombies Military Camos Camos
153,43,2,Get 10 Kills without reloading 15 times
154,44,1,Unlock all Zombies Military Camos
155,44,2,With the Cryo Freeze Ammo Mod equipped: get 300 Eliminations
156,45,1,Unlock all Zombies Special Camos
157,45,2,Get 10 Kills rapidly 15 times
158,46,1,Unlock Golden Dragon Camo
159,46,2,Unlock Golden Dragon Camo on 6 Assault Rifles
160,46,3,Get 20 or more consecutive Kills without taking damage 5 times
161,47,1,Unlock Bloodstone Camo
162,47,2,Unlock Bloodstone Camo on 30 Weapons
163,47,3,Eliminate 10 Elite Zombies
164,48,1,Unlock Doomsteel Camo
165,48,2,Unlock Doomsteel Camo on 30 Weapons
166,58,1,Reach Max Level with the Peacekeeper MK1
167,58,2,Enter Weapon Prestige 1
168,59,1,Reach Max Level with the Peacekeeper MK1
169,59,2,Enter Weapon Prestige 2
170,51,1,Reach Weapon Prestige Master Level 100 with the Peacekeeper MK1
171,52,1,Reach Weapon Prestige Master Level 150 with the Peacekeeper MK1
172,53,1,Reach Weapon Prestige Master Level 200 with the Peacekeeper MK1
173,60,1,Reach Weapon Prestige Master Level 250 with the Peacekeeper MK1
174,1,1,Get 25 Critical Kills
175,2,1,Get 50 Critical Kills
176,3,1,Get 100 Critical Kills
177,4,1,Get 150 Critical Kills
178,5,1,Get 200 Critical Kills
179,6,1,Get 250 Critical Kills
180,7,1,Get 300 Critical Kills
181,8,1,Get 400 Critical Kills
182,9,1,Get 500 Critical Kills
183,10,1,Unlock all Co-Op Campaign Military Camos
184,10,2,Get 10 Kills without reloading 10 times
185,11,1,Unlock all Co-Op Campaign Camos
186,11,2,Get 50 Guild Tech enemies
187,12,1,Unlock all Co-Op Campaign Camos
188,12,2,Get 25 Kills shortly after sliding diving
189,13,1,Unlock all Co-Op Campaign Special Camos
190,13,2,Eliminate 20 Special enemies
191,14,1,Unlock Molten Gold Camo
192,14,2,Unlock Molten Gold Camo on 6 Assault Rifles
193,14,3,In Endgame: Eliminate 100 Zone III or Zone IV enemies
194,15,1,Unlock Moonstone Camo
195,15,2,Unlock Moonstone Camo on 30 Weapons
196,15,3,Eliminate 10 Elite enemies
197,16,1,Unlock Chroma Flux Camo
198,16,2,Unlock Chroma Flux Camo on 30 Weapons
199,17,1,Get 5 Headshots
200,18,1,Get 10 Headshots
201,19,1,Get 20 Headshots
202,20,1,Get 30 Headshots
203,21,1,Get 40 Headshots
204,22,1,Get 50 Headshots
205,23,1,Get 60 Headshots
206,24,1,Get 70 Headshots
207,25,1,Get 80 Headshots
208,26,1,Unlock all Multiplayer Military Camos
209,26,2,With 5 or more Attachments: Get 50 eliminations
210,27,1,Unlock all Multiplayer Military Camos Camos
211,27,2,Get a Kill without taking any damage 30 times
212,28,1,Unlock all Multiplayer Military Camos
213,28,2,With an Underbarrel Launcher Attachment equipped: Get 20 Kills
214,29,1,Unlock all Multiplayer Special Camos
215,29,2,Get 3 Kills without dying 10 times
216,30,1,Unlock Shattered Gold Camo
217,30,2,Unlock Shattered Gold Camo on 6 Assault Rifles
218,30,3,Get 10 Double Kills or better
219,31,1,Unlock Arclight Camo
220,31,2,Unlock Arclight Camo on 30 Weapons
221,31,3,Get 5 Kills without dying 3 times
222,32,1,Unlock Tempest Camo
223,32,2,Unlock Tempest Camo on 30 Weapons
224,33,1,Get 50 Critical Kills
225,34,1,Get 100 Critical Kills
226,35,1,Get 200 Critical Kills
227,36,1,Get 300 Critical Kills
228,37,1,Get 400 Critical Kills
229,38,1,Get 500 Critical Kills
230,39,1,Get 650 Critical Kills
231,40,1,Get 800 Critical Kills
232,41,1,Get 1000 Critical Kills
233,42,1,Unlock all Zombies Military Camos
234,42,2,Get 300 Eliminations at Rare Rarity or higher
235,43,1,Unlock all Zombies Military Camos Camos
236,43,2,Get 100 Kills shortly after using a Field Upgrade
237,44,1,Unlock all Zombies Military Camos
238,44,2,Kill 100 enemies affected by your Tactical Equipment
239,45,1,Unlock all Zombies Special Camos
240,45,2,Get 10 Kills rapidly 15 times
241,46,1,Unlock Golden Dragon Camo
242,46,2,Unlock Golden Dragon Camo on 1 Assault Rifle
243,46,3,Get 20 or more consecutive Kills without taking damage 5 times
244,47,1,Unlock Bloodstone Camo
245,47,2,Unlock Bloodstone Camo on 30 Weapons
246,47,3,Eliminate 10 Elite Zombies
247,48,1,Unlock Doomsteel Camo
248,48,2,Unlock Doomsteel Camo on 30 Weapons
249,61,1,Reach Max Level with the X9 Maverick
250,61,2,Enter Weapon Prestige 1
251,62,1,Reach Max Level with the X9 Maverick
252,62,2,Enter Weapon Prestige 2
253,51,1,Reach Weapon Prestige Master Level 100 with the X9 Maverick
254,52,1,Reach Weapon Prestige Master Level 150 with the X9 Maverick
255,53,1,Reach Weapon Prestige Master Level 200 with the X9 Maverick
256,63,1,Reach Weapon Prestige Master Level 250 with the X9 Maverick
257,1,1,Get 25 Critical Kills
258,2,1,Get 50 Critical Kills
259,3,1,Get 100 Critical Kills
260,4,1,Get 150 Critical Kills
261,5,1,Get 200 Critical Kills
262,6,1,Get 250 Critical Kills
263,7,1,Get 300 Critical Kills
264,8,1,Get 400 Critical Kills
265,9,1,Get 500 Critical Kills
266,10,1,Unlock all Co-Op Campaign Military Camos
267,10,2,Get 3 Kills rapidly
268,11,1,Unlock all Co-Op Campaign Camos
269,11,2,With the Tactical Laser equipped: get 50 Kills in the Tactical Stance
270,12,1,Unlock all Co-Op Campaign Camos
271,12,2,Get 50 Kills while Aiming Down Sights and moving
272,13,1,Unlock all Co-Op Campaign Special Camos
273,13,2,Eliminate 20 Special enemies
274,14,1,Unlock Molten Gold Camo
275,14,2,Unlock Molten Gold Camo on 6 Assault Rifles
276,14,3,In Endgame: eliminate 100 Zone III or Zone IV enemies
277,15,1,Unlock Moonstone Camo
278,15,2,Unlock Moonstone Camo on 30 Weapons
279,15,3,Eliminate 10 Elite enemies
280,16,1,Unlock Chroma Flux Camo
281,16,2,Unlock Chroma Flux Camo on 30 Weapons
282,17,1,Get 5 Headshots
283,18,1,Get 10 Headshots
284,19,1,Get 20 Headshots
285,20,1,Get 30 Headshots
286,21,1,Get 40 Headshots
287,22,1,Get 50 Headshots
288,23,1,Get 60 Headshots
289,24,1,Get 70 Headshots
290,25,1,Get 80 Headshots
291,26,1,Unlock all Multiplayer Military Camos
292,26,2,Kill 30 enemies affected by your Tactical Equipment
293,27,1,Unlock all Multiplayer Military Camos
294,27,2,Get 50 Eliminations without and Attachments equipped
295,28,1,Unlock all Multiplayer Military Camos
296,28,2,Get a Kill without taking damage 30 times
297,29,1,Unlock all Multiplayer Special Camos
298,29,2,Get 3 Kills without dying 10 times
299,30,1,Unlock Shattered Gold Camo
300,30,2,Unlock Shattered Gold Camo on 6 Assault Rifles
301,30,3,Get 10 Double Kills or better
302,31,1,Unlock Arclight Camo
303,31,2,Unlock Arclight Camo on 30 Weapons
304,31,3,Get 5 Kills without dying 3 times
305,32,1,Unlock Tempest Camo
306,32,2,Unlock Tempest Camo on 30 Weapons
307,33,1,Get 50 Critical Kills
308,34,1,Get 100 Critical Kills
309,35,1,Get 200 Critical Kills
310,36,1,Get 300 Critical Kills
311,37,1,Get 400 Critical Kills
312,38,1,Get 500 Critical Kills
313,39,1,Get 650 Critical Kills
314,40,1,Get 800 Critical Kills
315,41,1,Get 1000 Critical Kills
316,42,1,Unlock all Zombies Military Camos
317,42,2,Get 75 Kills with Shadow Rift activations
318,43,1,Unlock all Zombies Military Camos Camos
319,43,2,Get 300 Eliminations while it's Pack-A-Punched
320,44,1,Unlock all Zombies Military Camos
321,44,2,Get 75 Armored Zombie Eliminations
322,45,1,Unlock all Zombies Special Camos
323,45,2,Get 10 Kills rapidly 15 times
324,46,1,Unlock Golden Dragon Camo
325,46,2,Unlock Golden Dragon Camo on 6 Assault Rifles
326,46,3,Get 20 or more consecutive Kills without taking damage 5 times
327,47,1,Unlock Bloodstone Camo
328,47,2,Unlock Bloodstone Camo on 30 Weapons
329,47,3,Eliminate 10 Elite Zombies
330,48,1,Unlock Doomsteel Camo
331,48,2,Unlock Doomsteel Camo on 30 Weapons
332,64,1,Reach Max Level with the DS20 Mirage
333,64,2,Enter Weapon Prestige 1
334,65,1,Reach Max Level with the DS20 Mirage
335,65,2,Enter Weapon Prestige 2
336,51,1,Reach Weapon Prestige Master Level 100 with the DS20 Mirage
337,52,1,Reach Weapon Prestige Master Level 150 with the DS20 Mirage
338,53,1,Reach Weapon Prestige Master Level 200 with the DS20 Mirage
339,66,1,Reach Weapon Prestige Master Level 250 with the DS20 Mirage
340,1,1,Get 25 Critical Kills
341,2,1,Get 50 Critical Kills
342,3,1,Get 100 Critical Kills
343,4,1,Get 150 Critical Kills
344,5,1,Get 200 Critical Kills
345,6,1,Get 250 Critical Kills
346,7,1,Get 300 Critical Kills
347,8,1,Get 400 Critical Kills
348,9,1,Get 500 Critical Kills
349,10,1,Unlock all Co-Op Campaign Military Camos
350,10,2,Get 3 Kills rapidly 10 times
351,11,1,Unlock all Co-Op Campaign Camos
352,11,2,Get 25 Kills shortly after sliding
353,12,1,Unlock all Co-Op Campaign Camos
354,12,2,With an Extended Magazine Attachment equipped: Get 100 Eliminations
355,13,1,Unlock all Co-Op Campaign Special Camos
356,13,2,Eliminate 20 Special enemies
357,14,1,Unlock Molten Gold Camo
358,14,2,Unlock Molten Gold Camo on 6 Assault Rifles
359,14,3,In Endgame: eliminate 100 Zone III or Zone IV enemies
360,15,1,Unlock Moonstone Camo
361,15,2,Unlock Moonstone Camo on 30 Weapons
362,15,3,Eliminate 10 Elite enemies
363,16,1,Unlock Chroma Flux Camo
364,16,2,Unlock Chroma Flux Camo on 30 Weapons
365,17,1,Get 5 Headshots
366,18,1,Get 10 Headshots
367,19,1,Get 20 Headshots
368,20,1,Get 30 Headshots
369,21,1,Get 40 Headshots
370,22,1,Get 50 Headshots
371,23,1,Get 60 Headshots
372,24,1,Get 70 Headshots
373,25,1,Get 80 Headshots
374,26,1,Unlock all Multiplayer Military Camos
375,26,2,With a 4.0x or higher magnification scope equipped: Get 50 Eliminations
376,27,1,Unlock all Multiplayer Military Camos Camos
377,27,2,With a Suppressor equipped: Get 50 Eliminations
378,28,1,Unlock all Multiplayer Military Camos
379,28,2,With Gunfighter Wildcard equipped: Get 50 Eliminations with the DS20 Mirage while it has 8 Attachments
380,29,1,Unlock all Multiplayer Special Camos
381,29,2,Get 3 Kills without dying 10 times
382,30,1,Unlock Shattered Gold Camo
383,30,2,Unlock Shattered Gold Camo on 6 Assault Rifles
384,30,3,Get 10 Double Kills or better
385,31,1,Unlock Arclight Camo
386,31,2,Unlock Arclight Camo on 30 Weapons
387,31,3,Get 5 Kills without dying 3 times
388,32,1,Unlock Tempest Camo
389,32,2,Unlock Tempest Camo on 30 Weapons
390,33,1,Get 50 Critical Kills
391,34,1,Get 100 Critical Kills
392,35,1,Get 200 Critical Kills
393,36,1,Get 300 Critical Kills
394,37,1,Get 400 Critical Kills
395,38,1,Get 500 Critical Kills
396,39,1,Get 650 Critical Kills
397,40,1,Get 800 Critical Kills
398,41,1,Get 1000 Critical Kills
399,42,1,Unlock all Zombies Military Camos
400,42,2,Get 10 Kills without taking damage 10 times
401,43,1,Unlock all Zombies Military Camos Camos
402,43,2,With Tier 2 or higher Armor equipped: Get 150 Eliminations
403,44,1,Unlock all Zombies Military Camos
404,44,2,With Dead Wire Ammo Mod equipped: Get 5 Eliminations
405,45,1,Unlock all Zombies Special Camos
406,45,2,Get 10 Kills rapidly 15 times
407,46,1,Unlock Golden Dragon Camo
408,46,2,Unlock Golden Dragon Camo on 6 Assault Rifles
409,46,3,Get 20 or more consecutive Kills without taking damage 5 times
410,47,1,Unlock Bloodstone Camo
411,47,2,Unlock Bloodstone Camo on 30 Weapons
412,47,3,Eliminate 10 Elite Zombies
413,48,1,Unlock Doomsteel Camo
414,48,2,Unlock Doomsteel Camo on 30 Weapons
415,67,1,Reach Max Level with the AK-27
416,67,2,Enter Weapon Prestige 1
417,68,1,Reach Max Level with the AK-27
418,68,2,Enter Weapon Prestige 2
419,51,1,Reach Weapon Prestige Master Level 100 with the AK-27
420,52,1,Reach Weapon Prestige Master Level 150 with the AK-27
421,53,1,Reach Weapon Prestige Master Level 200 with the AK-27
422,69,1,Reach Weapon Prestige Master Level 250 with the AK-27
423,1,1,Get 25 Critical Kills
424,2,1,Get 50 Critical Kills
425,3,1,Get 100 Critical Kills
426,4,1,Get 150 Critical Kills
427,5,1,Get 200 Critical Kills
428,6,1,Get 250 Critical Kills
429,7,1,Get 300 Critical Kills
430,8,1,Get 400 Critical Kills
431,9,1,Get 500 Critical Kills
432,10,1,Unlock all Co-Op Campaign Military Camos
433,10,2,Get 50 Kills shortly after sprinting
434,11,1,Unlock all Co-Op Campaign Camos
435,11,2,Get 50 Kills while Aiming Down Sights
436,12,1,Unlock all Co-Op Campaign Camos
437,12,2,Eliminate 100 Human (NPC) enemies
438,13,1,Unlock all Co-Op Campaign Special Camos
439,13,2,Eliminate 20 Special enemies
440,14,1,Unlock Molten Gold Camo
441,14,2,Unlock Molten Gold Camo on 6 Assault Rifles
442,14,3,In Endgame: eliminate 100 Zone III or Zone IV enemies
443,15,1,Unlock Moonstone Camo
444,15,2,Unlock Moonstone Camo on 30 Weapons
445,15,3,Eliminate 10 Elite enemies
446,16,1,Unlock Chroma Flux Camo
447,16,2,Unlock Chroma Flux Camo on 30 Weapons
448,17,1,Get 5 Headshots
449,18,1,Get 10 Headshots
450,19,1,Get 20 Headshots
451,20,1,Get 30 Headshots
452,21,1,Get 40 Headshots
453,22,1,Get 50 Headshots
454,23,1,Get 60 Headshots
455,24,1,Get 70 Headshots
456,25,1,Get 80 Headshots
457,26,1,Unlock all Multiplayer Military Camos
458,26,2,Get 30 Hipfire Kills
459,27,1,Unlock all Multiplayer Military Camos Camos
460,27,2,Get 2 Kills without reloading 10 times
461,28,1,Unlock all Multiplayer Military Camos
462,28,2,Get 20 Kills with an Underbarrel Launcher Attachment equipped
463,29,1,Unlock all Multiplayer Special Camos
464,29,2,Get 3 Kills without dying 10 times
465,30,1,Unlock Shattered Gold Camo
466,30,2,Unlock Shattered Gold Camo on 6 Assault Rifles
467,30,3,Get 10 Double Kills or better
468,31,1,Unlock Arclight Camo
469,31,2,Unlock Arclight Camo on 30 Weapons
470,31,3,Get 5 Kills without dying 3 times
471,32,1,Unlock Tempest Camo
472,32,2,Unlock Tempest Camo on 30 Weapons
473,33,1,Get 50 Critical Kills
474,34,1,Get 100 Critical Kills
475,35,1,Get 200 Critical Kills
476,36,1,Get 300 Critical Kills
477,37,1,Get 400 Critical Kills
478,38,1,Get 500 Critical Kills
479,39,1,Get 650 Critical Kills
480,40,1,Get 800 Critical Kills
481,41,1,Get 1000 Critical Kills
482,42,1,Unlock all Zombies Military Camos
483,42,2,Get 2 Critical Kills with a single shot 15 times
484,43,1,Unlock all Zombies Military Camos Camos
485,43,2,With the Napalm Burst Ammo Mod equipped: Get 300 Eliminations
486,44,1,Unlock all Zombies Military Camos
487,44,2,Get 10 Kills without taking damage 5 times
488,45,1,Unlock all Zombies Special Camos
489,45,2,Get 10 Kills rapidly 15 times
490,46,1,Unlock Golden Dragon Camo
491,46,2,Unlock Golden Dragon Camo on 6 Assault Rifles
492,46,3,Get 20 or more consecutive Kills without taking damage 5 times
493,47,1,Unlock Bloodstone Camo
494,47,2,Unlock Bloodstone Camo on 30 Weapons
495,47,3,Eliminate 10 Elite Zombies
496,48,1,Unlock Doomsteel Camo
497,48,2,Unlock Doomsteel Camo on 30 Weapons
498,70,1,Reach Max Level with the Ryden 45K
499,70,2,Enter Weapon Prestige 1
500,71,1,Reach Max Level with the Ryden 45K
501,71,2,Enter Weapon Prestige 2
502,51,1,Reach Weapon Prestige Master Level 100 with the Ryden 45K
503,52,1,Reach Weapon Prestige Master Level 150 with the Ryden 45K
504,53,1,Reach Weapon Prestige Master Level 200 with the Ryden 45K
505,72,1,Reach Weapon Prestige Master Level 250 with the Ryden 45K
506,1,1,Get 10 Critical Kills
507,2,1,Get 25 Critical Kills
508,3,1,Get 50 Critical Kills
509,4,1,Get 75 Critical Kills
510,5,1,Get 100 Critical Kills
511,6,1,Get 125 Critical Kills
512,7,1,Get 150 Critical Kills
513,8,1,Get 200 Critical Kills
514,9,1,Get 250 Critical Kills
515,10,1,Unlock all Co-Op Campaign Military Camos
516,10,2,With 8 Attachments equipped: get 100 Eliminations
517,11,1,Unlock all Co-Op Campaign Camos
518,11,2,With a Extended Magazine Attachment equipped: get 100 Eliminations
519,12,1,Unlock all Co-Op Campaign Camos
520,12,2,Get 50 Point Blank Kills
521,13,1,Unlock all Co-Op Campaign Special Camos
522,13,2,Eliminate 20 Special enemies
523,14,1,Unlock Molten Gold Camo
524,14,2,Unlock Molten Gold Camo on 6 SMGs
525,14,3,In Endgame: eliminate 100 Zone III or Zone IV enemies
526,15,1,Unlock Moonstone Camo
527,15,2,Unlock Moonstone Camo on 30 Weapons
528,15,3,Eliminate 10 Elite enemies
529,16,1,Unlock Chroma Flux Camo
530,16,2,Unlock Chroma Flux Camo on 30 Weapons
531,17,1,Get 5 Headshots
532,18,1,Get 10 Headshots
533,19,1,Get 20 Headshots
534,20,1,Get 30 Headshots
535,21,1,Get 40 Headshots
536,22,1,Get 50 Headshots
537,23,1,Get 60 Headshots
538,24,1,Get 70 Headshots
539,25,1,Get 80 Headshots
540,26,1,Unlock all Multiplayer Military Camos
541,26,2,Get 50 Eliminations without any Attachments equipped
542,27,1,Unlock all Multiplayer Military Camos Camos
543,27,2,Get 30 Kills while or shortly after sprinting
544,28,1,Unlock all Multiplayer Military Camos
545,28,2,Get a Kill without taking damage 30 times
546,29,1,Unlock all Multiplayer Special Camos
547,29,2,Get 3 Kills without dying 10 times
548,30,1,Unlock Shattered Gold Camo
549,30,2,Unlock Shattered Gold Camo on 6 SMGs
550,30,3,Get 10 Double Kills or better
551,31,1,Unlock Arclight Camo
552,31,2,Unlock Arclight Camo on 30 Weapons
553,31,3,Get 5 Kills without dying 3 times
554,32,1,Unlock Tempest Camo
555,32,2,Unlock Tempest Camo on 30 Weapons
556,33,1,Get 100 Critical Kills
557,34,1,Get 200 Critical Kills
558,35,1,Get 300 Critical Kills
559,36,1,Get 400 Critical Kills
560,37,1,Get 500 Critical Kills
561,38,1,Get 600 Critical Kills
562,39,1,Get 700 Critical Kills
563,40,1,Get 800 Critical Kills
564,41,1,Get 1000 Critical Kills
565,42,1,Unlock all Zombies Military Camos
566,42,2,With Dead Wire Ammo Mod equipped: get 300 Eliminations
567,43,1,Unlock all Zombies Military Camos Camos
568,43,2,Get 5 Critical Kills rapidly 15 times
569,44,1,Unlock all Zombies Military Camos
570,44,2,With the Cryo Freeze Ammo Mod equipped: get 300 Eliminations
571,45,1,Unlock all Zombies Special Camos
572,45,2,Get 10 Kills rapidly 15 times
573,46,1,Unlock Golden Dragon Camo
574,46,2,Unlock Golden Dragon Camo on 6 SMGs
575,46,3,Get 20 or more consecutive Kills without taking damage 5 times
576,47,1,Unlock Bloodstone Camo
577,47,2,Unlock Bloodstone Camo on 30 Weapons
578,47,3,Eliminate 10 Elite Zombies
579,48,1,Unlock Doomsteel Camo
580,48,2,Unlock Doomsteel Camo on 30 Weapons
581,73,1,Reach Max Level with the Dravec 45
582,73,2,Enter Weapon Prestige 1
583,74,1,Reach Max Level with the Dravec 45
584,74,2,Enter Weapon Prestige 2
585,51,1,Reach Weapon Prestige Master Level 100 with the Dravec 45
586,52,1,Reach Weapon Prestige Master Level 150 with the Dravec 45
587,53,1,Reach Weapon Prestige Master Level 200 with the Dravec 45
588,75,1,Reach Weapon Prestige Master Level 250 with the Dravec 45
589,1,1,Get 10 Critical Kills
590,2,1,Get 25 Critical Kills
591,3,1,Get 50 Critical Kills
592,4,1,Get 75 Critical Kills
593,5,1,Get 100 Critical Kills
594,6,1,Get 125 Critical Kills
595,7,1,Get 150 Critical Kills
596,8,1,Get 200 Critical Kills
597,9,1,Get 250 Critical Kills
598,10,1,Unlock all Co-Op Campaign Military Camos
599,10,2,Get 50 Kills shortly after sprinting
600,11,1,Unlock all Co-Op Campaign Camos
601,11,2,With an Extended Magazine Attachment equipped: get 100 Eliminations
602,12,1,Unlock all Co-Op Campaign Camos
603,12,2,With the Tactical Laser equipped: get 50 Kills in the Tactical Stance
604,13,1,Unlock all Co-Op Campaign Special Camos
605,13,2,Eliminate 20 Special enemies
606,14,1,Unlock Molten Gold Camo
607,14,2,Unlock Molten Gold Camo on 6 SMGs
608,14,3,In Endgame: eliminate 100 Zone III or Zone IV enemies
609,15,1,Unlock Moonstone Camo
610,15,2,Unlock Moonstone Camo on 30 Weapons
611,15,3,Eliminate 10 Elite enemies
612,16,1,Unlock Chroma Flux Camo
613,16,2,Unlock Chroma Flux Camo on 30 Weapons
614,17,1,Get 5 Headshots
615,18,1,Get 10 Headshots
616,19,1,Get 20 Headshots
617,20,1,Get 30 Headshots
618,21,1,Get 40 Headshots
619,22,1,Get 50 Headshots
620,23,1,Get 60 Headshots
621,24,1,Get 70 Headshots
622,25,1,Get 80 Headshots
623,26,1,Unlock all Multiplayer Military Camos
624,26,2,Get 30 Objective Kills
625,27,1,Unlock all Multiplayer Military Camos Camos
626,27,2,Get 2 Kills without reloading 10 times
627,28,1,Unlock all Multiplayer Military Camos
628,28,2,Get a Kill while or shortly after sliding
629,29,1,Unlock all Multiplayer Special Camos
630,29,2,Get 3 Kills without dying 10 times
631,30,1,Unlock Shattered Gold Camo
632,30,2,Unlock Shattered Gold Camo on 6 SMGs
633,30,3,Get 10 Double Kills or better
634,31,1,Unlock Arclight Camo
635,31,2,Unlock Arclight Camo on 30 Weapons
636,31,3,Get 5 Kills without dying
637,32,1,Unlock Tempest Camo
638,32,2,Unlock Tempest Camo on 30 Weapons
639,33,1,Get 100 Critical Kills
640,34,1,Get 200 Critical Kills
641,35,1,Get 300 Critical Kills
642,36,1,Get 400 Critical Kills
643,37,1,Get 500 Critical Kills
644,38,1,Get 600 Critical Kills
645,39,1,Get 700 Critical Kills
646,40,1,Get 800 Critical Kills
647,41,1,Get 1000 Critical Kills
648,42,1,Unlock all Zombies Military Camos
649,42,2,With the Brain Rot Ammo Mod equipped: get 300 Eliminations
650,43,1,Unlock all Zombies Military Camos Camos
651,43,2,Get 5 Critical Kills rapidly 15 times
652,44,1,Unlock all Zombies Military Camos
653,44,2,Get 100 Kills shortly after using a Field Upgrade
654,45,1,Unlock all Zombies Special Camos
655,45,2,Get 10 Kills rapidly 15 times
656,46,1,Unlock Golden Dragon Camo
657,46,2,Unlock Golden Dragon Camo on 6 SMGs
658,46,3,Get 20 or more consecutive Kills without taking damage 5 times
659,47,1,Unlock Bloodstone Camo
660,47,2,Unlock Bloodstone Camo on 30 Weapons
661,47,3,Eliminate 10 Elite Zombies
662,48,1,Unlock Doomsteel Camo
663,48,2,Unlock Doomsteel Camo on 30 Weapons
664,76,1,Reach Max Level with the Razor 9mm
665,76,2,Enter Weapon Prestige 1
666,77,1,Reach Max Level with the Razor 9mm
667,77,2,Enter Weapon Prestige 2
668,51,1,Reach Weapon Prestige Master Level 100 with the Razor 9mm
669,52,1,Reach Weapon Prestige Master Level 150 with the Razor 9mm
670,53,1,Reach Weapon Prestige Master Level 200 with the M15 Mod 0
671,78,1,Reach Weapon Prestige Master Level 250 with the Razor 9mm
672,1,1,Get 10 Critical Kills
673,2,1,Get 25 Critical Kills
674,3,1,Get 50 Critical Kills
675,4,1,Get 75 Critical Kills
676,5,1,Get 100 Critical Kills
677,6,1,Get 125 Critical Kills
678,7,1,Get 150 Critical Kills
679,8,1,Get 200 Critical Kills
680,9,1,Get 250 Critical Kills
681,10,1,Unlock all Co-Op Campaign Military Camos
682,10,2,Eliminate 100 Fear enemies
683,11,1,Unlock all Co-Op Campaign Camos
684,11,2,Get 25 Kills shortly after sliding
685,12,1,Unlock all Co-Op Campaign Camos
686,12,2,Get 50 Point Blank Kills
687,13,1,Unlock all Co-Op Campaign Special Camos
688,13,2,Eliminate 20 Special enemies
689,14,1,Unlock Molten Gold Camo
690,14,2,Unlock Molten Gold Camo on 6 SMGs
691,14,3,In Endgame: eliminate 100 Zone III or Zone IV enemies
692,15,1,Unlock Moonstone Camo
693,15,2,Unlock Moonstone Camo on 30 Weapons
694,15,3,Eliminate 10 Elite enemies
695,16,1,Unlock Chroma Flux Camo
696,16,2,Unlock Chroma Flux Camo on 30 Weapons
697,17,1,Get 5 Headshots
698,18,1,Get 10 Headshots
699,19,1,Get 20 Headshots
700,20,1,Get 30 Headshots
701,21,1,Get 40 Headshots
702,22,1,Get 50 Headshots
703,23,1,Get 60 Headshots
704,24,1,Get 70 Headshots
705,25,1,Get 80 Headshots
706,26,1,Unlock all Multiplayer Military Camos
707,26,2,Get 30 Hipfire Kills
708,27,1,Unlock all Multiplayer Military Camos Camos
709,27,2,Get 30 Objective Kills
710,28,1,Unlock all Multiplayer Military Camos
711,28,2,Get 50 Kills while moving
712,29,1,Unlock all Multiplayer Special Camos
713,29,2,Get 3 Kills without dying 10 times
714,30,1,Unlock Shattered Gold Camo
715,30,2,Unlock Shattered Gold Camo on 6 SMGs
716,30,3,Get 10 Double Kills or better
717,31,1,Unlock Arclight Camo
718,31,2,Unlock Arclight Camo on 30 Weapons
719,31,3,Get 5 Kills without dying
720,32,1,Unlock Tempest Camo
721,32,2,Unlock Tempest Camo on 30 Weapons
722,33,1,Get 100 Critical Kills
723,34,1,Get 200 Critical Kills
724,35,1,Get 300 Critical Kills
725,36,1,Get 400 Critical Kills
726,37,1,Get 500 Critical Kills
727,38,1,Get 600 Critical Kills
728,39,1,Get 700 Critical Kills
729,40,1,Get 800 Critical Kills
730,41,1,Get 1000 Critical Kills
731,42,1,Unlock all Zombies Military Camos
732,42,2,Get 300 Hipfire Kills
733,43,1,Unlock all Zombies Military Camos Camos
734,43,2,With Tier 2 or higher Armor equipped: get 150 Eliminations
735,44,1,Unlock all Zombies Military Camos
736,44,2,Get 10 Kills without reloading 15 times
737,45,1,Unlock all Zombies Special Camos
738,45,2,Get 10 Kills rapidly 15 times
739,46,1,Unlock Golden Dragon Camo
740,46,2,Unlock Golden Dragon Camo on 6 SMGs
741,46,3,Get 20 or more consecutive Kills without taking damage 5 times
742,47,1,Unlock Bloodstone Camo
743,47,2,Unlock Bloodstone Camo on 30 Weapons
744,47,3,Eliminate 10 Elite Zombies
745,48,1,Unlock Doomsteel Camo
746,48,2,Unlock Doomsteel Camo on 30 Weapons
747,82,1,Reach Max Level with the MPC-25
748,82,2,Enter Weapon Prestige 1
749,83,1,Reach Max Level with the MPC-25
750,83,2,Enter Weapon Prestige 2
751,51,1,Reach Weapon Prestige Master Level 100 with the MPC-25
752,52,1,Reach Weapon Prestige Master Level 150 with the MPC-25
753,53,1,Reach Weapon Prestige Master Level 200 with the MPC-25
754,84,1,Reach Weapon Prestige Master Level 250 with the MPC-25
755,1,1,Get 10 Critical Kills
756,2,1,Get 25 Critical Kills
757,3,1,Get 50 Critical Kills
758,4,1,Get 75 Critical Kills
759,5,1,Get 100 Critical Kills
760,6,1,Get 125 Critical Kills
761,7,1,Get 150 Critical Kills
762,8,1,Get 200 Critical Kills
763,9,1,Get 250 Critical Kills
764,10,1,Unlock all Co-Op Campaign Military Camos
765,10,2,With an Extended Magazine Attachment equipped: get 100 Eliminations
766,11,1,Unlock all Co-Op Campaign Camos
767,11,2,Get 100 Eliminations at Rare Rarity or higher
768,12,1,Unlock all Co-Op Campaign Camos
769,12,2,Eliminate 50 Guild Tech enemies
770,13,1,Unlock all Co-Op Campaign Special Camos
771,13,2,Eliminate 20 Special enemies
772,14,1,Unlock Molten Gold Camo
773,14,2,Unlock Molten Gold Camo on 6 SMGs
774,14,3,In Endgame: eliminate 100 Zone III or Zone IV enemies
775,15,1,Unlock Moonstone Camo
776,15,2,Unlock Moonstone Camo on 30 Weapons
777,15,3,Eliminate 10 Elite enemies
778,16,1,Unlock Chroma Flux Camo
779,16,2,Unlock Chroma Flux Camo on 30 Weapons
780,17,1,Get 5 Headshots
781,18,1,Get 10 Headshots
782,19,1,Get 20 Headshots
783,20,1,Get 30 Headshots
784,21,1,Get 40 Headshots
785,22,1,Get 50 Headshots
786,23,1,Get 60 Headshots
787,24,1,Get 70 Headshots
788,25,1,Get 80 Headshots
789,26,1,Unlock all Multiplayer Military Camos
790,26,2,With a Suppressor equipped: get 50 Eliminations
791,27,1,Unlock all Multiplayer Military Camos
792,27,2,Get a Kill shortly after sliding
793,28,1,Unlock all Multiplayer Military Camos
794,28,2,With Gunfighter Wildcard equipped: get 50 Eliminations while the MPC-25 has 8 Attachments
795,29,1,Unlock all Multiplayer Special Camos
796,29,2,Get 3 Kills without dying 10 times
797,30,1,Unlock Shattered Gold Camo
798,30,2,Unlock Shattered Gold Camo on 6 SMGs
799,30,3,Get 10 Double Kills or better
800,31,1,Unlock Arclight Camo
801,31,2,Unlock Arclight Camo on 30 Weapons
802,31,3,Get 5 Kills without dying
803,32,1,Unlock Tempest Camo
804,32,2,Unlock Tempest Camo on 30 Weapons
805,33,1,Get 100 Critical Kills
806,34,1,Get 200 Critical Kills
807,35,1,Get 300 Critical Kills
808,36,1,Get 400 Critical Kills
809,37,1,Get 500 Critical Kills
810,38,1,Get 600 Critical Kills
811,39,1,Get 700 Critical Kills
812,40,1,Get 800 Critical Kills
813,41,1,Get 1000 Critical Kills
814,42,1,Unlock all Zombies Military Camos
815,42,2,With the Napalm Burst Ammo Mod equipped: get 300 Eliminations
816,43,1,Unlock all Zombies Military Camos Camos
817,43,2,Get 3 Critical Kills consecutively 5 times
818,44,1,Unlock all Zombies Military Camos
819,44,2,Get 300 Point Blank Kills
820,45,1,Unlock all Zombies Special Camos
821,45,2,Get 10 Kills rapidly 15 times
822,46,1,Unlock Golden Dragon Camo
823,46,2,Unlock Golden Dragon Camo on 6 SMGs
824,46,3,Get 20 or more consecutive Kills without taking damage 5 times
825,47,1,Unlock Bloodstone Camo
826,47,2,Unlock Bloodstone Camo on 30 Weapons
827,47,3,Eliminate 10 Elite Zombies
828,48,1,Unlock Doomsteel Camo
829,48,2,Unlock Doomsteel Camo on 30 Weapons
830,79,1,Reach Max Level with the Carbon 57
831,79,2,Enter Weapon Prestige 1
832,80,1,Reach Max Level with the Carbon 57
833,80,2,Enter Weapon Prestige 2
834,51,1,Reach Weapon Prestige Master Level 100 with the Carbon 57
835,52,1,Reach Weapon Prestige Master Level 150 with the Carbon 57
836,53,1,Reach Weapon Prestige Master Level 200 with the Carbon 57
837,81,1,Reach Weapon Prestige Master Level 250 with the Carbon 57
838,1,1,Get 10 Critical Kills
839,2,1,Get 25 Critical Kills
840,3,1,Get 50 Critical Kills
841,4,1,Get 75 Critical Kills
842,5,1,Get 100 Critical Kills
843,6,1,Get 125 Critical Kills
844,7,1,Get 150 Critical Kills
845,8,1,Get 200 Critical Kills
846,9,1,Get 250 Critical Kills
847,10,1,Unlock all Co-Op Campaign Military Camos
848,10,2,Destroy 25 Guild D.A.W.G.s
849,11,1,Unlock all Co-Op Campaign Camos
850,11,2,Get 50 Hipfire Kills
851,12,1,Unlock all Co-Op Campaign Camos
852,12,2,Get 3 Kills rapidly
853,13,1,Unlock all Co-Op Campaign Special Camos
854,13,2,Eliminate 20 Special enemies
855,14,1,Unlock Molten Gold Camo
856,14,2,Unlock Molten Gold Camo on 6 SMGs
857,14,3,In Endgame: eliminate 100 Zone III or Zone IV enemies
858,15,1,Unlock Moonstone Camo
859,15,2,Unlock Moonstone Camo on 30 Weapons
860,15,3,Eliminate 10 Elite enemies
861,16,1,Unlock Chroma Flux Camo
862,16,2,Unlock Chroma Flux Camo on 30 Weapons
863,17,1,Get 5 Headshots
864,18,1,Get 10 Headshots
865,19,1,Get 20 Headshots
866,20,1,Get 30 Headshots
867,21,1,Get 40 Headshots
868,22,1,Get 50 Headshots
869,23,1,Get 60 Headshots
870,24,1,Get 70 Headshots
871,25,1,Get 80 Headshots
872,26,1,Unlock all Multiplayer Military Camos
873,26,2,Get 30 Hipfire Kills
874,27,1,Unlock all Multiplayer Military Camos Camos
875,27,2,Get 2 Kills without reloading 10 times
876,28,1,Unlock all Multiplayer Military Camos
877,28,2,With Gunfighter equipped: get 50 Eliminations while the Carbon 57 has 8 Attachments
878,29,1,Unlock all Multiplayer Special Camos
879,29,2,Get 3 Kills without dying 10 times
880,30,1,Unlock Shattered Gold Camo
881,30,2,Unlock Shattered Gold Camo on 6 SMGs
882,30,3,Get 10 Double Kills or better
883,31,1,Unlock Arclight Camo
884,31,2,Unlock Arclight Camo on 30 Weapons
885,31,3,Get 5 Kills without dying 3 times
886,32,1,Unlock Tempest Camo
887,32,2,Unlock Tempest Camo on 30 Weapons
888,33,1,Get 100 Critical Kills
889,34,1,Get 200 Critical Kills
890,35,1,Get 300 Critical Kills
891,36,1,Get 400 Critical Kills
892,37,1,Get 500 Critical Kills
893,38,1,Get 600 Critical Kills
894,39,1,Get 700 Critical Kills
895,40,1,Get 800 Critical Kills
896,41,1,Get 1000 Critical Kills
897,42,1,Unlock all Zombies Military Camos
898,42,2,With the Fire Works Ammo Mod equipped: get 300 Kills with Fire Works Procs
899,43,1,Unlock all Zombies Military Camos Camos
900,43,2,Get 10 Kills without reloading 15 times
901,44,1,Unlock all Zombies Military Camos
902,44,2,Get 75 Armored Zombie Eliminations
903,45,1,Unlock all Zombies Special Camos
904,45,2,Get 10 Kills rapidly 15 times
905,46,1,Unlock Golden Dragon Camo
906,46,2,Unlock Golden Dragon Camo on 6 SMGs
907,46,3,Get 20 or more consecutive Kills without taking damage 5 times
908,47,1,Unlock Bloodstone Camo
909,47,2,Unlock Bloodstone Camo on 30 Weapons
910,47,3,Eliminate 10 Elite Zombies
911,48,1,Unlock Doomsteel Camo
912,48,2,Unlock Doomsteel Camo on 30 Weapons
913,85,1,Reach Max Level with the RK-9
914,85,2,Enter Weapon Prestige 1
915,86,1,Reach Max Level with the RK-9
916,86,2,Enter Weapon Prestige 2
917,51,1,Reach Weapon Prestige Master Level 100 with the RK-9
918,52,1,Reach Weapon Prestige Master Level 150 with the RK-9
919,53,1,Reach Weapon Prestige Master Level 200 with the RK-9
920,87,1,Reach Weapon Prestige Master Level 250 with the RK-9
921,1,1,Get 10 Critical Kills
922,2,1,Get 25 Critical Kills
923,3,1,Get 50 Critical Kills
924,4,1,Get 75 Critical Kills
925,5,1,Get 100 Critical Kills
926,6,1,Get 125 Critical Kills
927,7,1,Get 150 Critical Kills
928,8,1,Get 200 Critical Kills
929,9,1,Get 250 Critical Kills
930,10,1,Unlock all Co-Op Campaign Military Camos
931,10,2,With the Tactical Laser equipped: get 50 Kills in the Tactical Stance
932,11,1,Unlock all Co-Op Campaign Camos
933,11,2,Get 25 Kills shortly after switching weapons
934,12,1,Unlock all Co-Op Campaign Camos
935,12,2,Get 50 Kills while Aiming Down Sights and moving
936,13,1,Unlock all Co-Op Campaign Special Camos
937,13,2,Eliminate 20 Special enemies
938,14,1,Unlock Molten Gold Camo
939,14,2,Unlock Molten Gold Camo on 6 SMGs
940,14,3,In Endgame: eliminate 100 Zone III or Zone IV enemies
941,15,1,Unlock Moonstone Camo
942,15,2,Unlock Moonstone Camo on 30 Weapons
943,15,3,Eliminate 10 Elite enemies
944,16,1,Unlock Chroma Flux Camo
945,16,2,Unlock Chroma Flux Camo on 30 Weapons
946,17,1,Get 5 Headshots
947,18,1,Get 10 Headshots
948,19,1,Get 20 Headshots
949,20,1,Get 30 Headshots
950,21,1,Get 40 Headshots
951,22,1,Get 50 Headshots
952,23,1,Get 60 Headshots
953,24,1,Get 70 Headshots
954,25,1,Get 80 Headshots
955,26,1,Unlock all Multiplayer Military Camos
956,26,2,Get 50 Kills while moving
957,27,1,Unlock all Multiplayer Military Camos Camos
958,27,2,Kill 30 enemies affected by your Tactical Equipment
959,28,1,Unlock all Multiplayer Military Camos
960,28,2,With a Suppressor equipped: Get 50 eliminations
961,29,1,Unlock all Multiplayer Special Camos
962,29,2,Get 3 Kills without dying 10 times
963,30,1,Unlock Shattered Gold Camo
964,30,2,Unlock Shattered Gold Camo on 6 SMGs
965,30,3,Get 10 Double Kills or better
966,31,1,Unlock Arclight Camo
967,31,2,Unlock Arclight Camo on 30 Weapons
968,31,3,Get 5 Kills without dying 3 times
969,32,1,Unlock Tempest Camo
970,32,2,Unlock Tempest Camo on 30 Weapons
971,33,1,Get 100 Critical Kills
972,34,1,Get 200 Critical Kills
973,35,1,Get 300 Critical Kills
974,36,1,Get 400 Critical Kills
975,37,1,Get 500 Critical Kills
976,38,1,Get 600 Critical Kills
977,39,1,Get 700 Critical Kills
978,40,1,Get 800 Critical Kills
979,41,1,Get 1000 Critical Kills
980,42,1,Unlock all Zombies Military Camos
981,42,2,With the Napalm Burst Ammo Mod equipped: get 300 Eliminations
982,43,1,Unlock all Zombies Military Camos Camos
983,43,2,Get 75 Armored Zombie Eliminations
984,44,1,Unlock all Zombies Military Camos
985,44,2,Get 3 Critical Kills consecutively 5 times
986,45,1,Unlock all Zombies Special Camos
987,45,2,Get 10 Kills rapidly 15 times
988,46,1,Unlock Golden Dragon Camo
989,46,2,Unlock Golden Dragon Camo on 6 SMGs
990,46,3,Get 20 or more consecutive Kills without taking damage 5 times
991,47,1,Unlock Bloodstone Camo
992,47,2,Unlock Bloodstone Camo on 30 Weapons
993,47,3,Eliminate 10 Elite Zombies
994,48,1,Unlock Doomsteel Camo
995,48,2,Unlock Doomsteel Camo on 30 Weapons
996,88,1,Reach Max Level with the M10 Breacher
997,88,2,Enter Weapon Prestige 1
998,89,1,Reach Max Level with the M10 Breacher
999,89,2,Enter Weapon Prestige 2
1000,51,1,Reach Weapon Prestige Master Level 100 with the M10 Breacher
1001,52,1,Reach Weapon Prestige Master Level 150 with the M10 Breacher
1002,53,1,Reach Weapon Prestige Master Level 200 with the M10 Breacher
1003,90,1,Reach Weapon Prestige Master Level 250 with the M10 Breacher
1004,1,1,Get 10 Point Blank Kills
1005,2,1,Get 25 Point Blank Kills
1006,3,1,Get 50 Point Blank Kills
1007,4,1,Get 75 Point Blank Kills
1008,5,1,Get 100 Point Blank Kills
1009,6,1,Get 125 Point Blank Kills
1010,7,1,Get 150 Point Blank Kills
1011,8,1,Get 200 Point Blank Kills
1012,9,1,Get 250 Point Blank Kills
1013,10,1,Unlock all Co-Op Campaign Military Camos
1014,10,2,Destroy 25 Guild D.A.W.G.s
1015,11,1,Unlock all Co-Op Campaign Camos
1016,11,2,Get 25 Kills shortly after sliding
1017,12,1,Unlock all Co-Op Campaign Camos
1018,12,2,Get 50 Hipfire Kills
1019,13,1,Unlock all Co-Op Campaign Special Camos
1020,13,2,Eliminate 20 Special enemies
1021,14,1,Unlock Molten Gold Camo
1022,14,2,Unlock Molten Gold Camo on 3 Shotguns
1023,14,3,In Endgame: eliminate 100 Zone III or Zone IV enemies
1024,15,1,Unlock Moonstone Camo
1025,15,2,Unlock Moonstone Camo on 30 Weapons
1026,15,3,Eliminate 10 Elite enemies
1027,16,1,Unlock Chroma Flux Camo
1028,16,2,Unlock Chroma Flux Camo on 30 Weapons
1029,17,1,Get 5 Point Blank Kills
1030,18,1,Get 10 Point Blank Kills
1031,19,1,Get 20 Point Blank Kills
1032,20,1,Get 30 Point Blank Kills
1033,21,1,Get 40 Point Blank Kills
1034,22,1,Get 50 Point Blank Kills
1035,23,1,Get 60 Point Blank Kills
1036,24,1,Get 70 Point Blank Kills
1037,25,1,Get 80 Point Blank Kills
1038,26,1,Unlock all Multiplayer Military Camos
1039,26,2,Get a Kill without taking damage 30 times
1040,27,1,Unlock all Multiplayer Military Camos Camos
1041,27,2,Get 50 Eliminations without any Attachments equipped
1042,28,1,Unlock all Multiplayer Military Camos
1043,28,2,Get 30 Kills while or shortly after sprinting
1044,29,1,Unlock all Multiplayer Special Camos
1045,29,2,Get 3 Kills without dying 10 times
1046,30,1,Unlock Shattered Gold Camo
1047,30,2,Unlock Shattered Gold Camo on 3 Shotguns
1048,30,3,Get 10 Double Kills or better
1049,31,1,Unlock Arclight Camo
1050,31,2,Unlock Arclight Camo on 30 Weapons
1051,31,3,Get 5 Kills without dying 3 times
1052,32,1,Unlock Tempest Camo
1053,32,2,Unlock Tempest Camo on 30 Weapons
1054,33,1,Get 100 Point Blank Kills
1055,34,1,Get 200 Point Blank Kills
1056,35,1,Get 300 Point Blank Kills
1057,36,1,Get 400 Point Blank Kills
1058,37,1,Get 500 Point Blank Kills
1059,38,1,Get 600 Point Blank Kills
1060,39,1,Get 700 Point Blank Kills
1061,40,1,Get 800 Point Blank Kills
1062,41,1,Get 1000 Point Blank Kills
1063,42,1,Unlock all Zombies Military Camos
1064,42,2,Get 5 Critical Kills rapidly 15 times
1065,43,1,Unlock all Zombies Military Camos Camos
1066,43,2,With the Brain Rot Ammo Mod equipped: get 300 Eliminations
1067,44,1,Unlock all Zombies Military Camos
1068,44,2,Get 3 Critical Kills consecutively 5 times
1069,45,1,Unlock all Zombies Special Camos
1070,45,2,Get 10 Kills rapidly 15 times
1071,46,1,Unlock Golden Dragon Camo
1072,46,2,Unlock Golden Dragon Camo on 3 Shotguns
1073,46,3,Get 20 or more consecutive Kills without taking damage 5 times
1074,47,1,Unlock Bloodstone Camo
1075,47,2,Unlock Bloodstone Camo on 30 Weapons
1076,47,3,Eliminate 10 Elite Zombies
1077,48,1,Unlock Doomsteel Camo
1078,48,2,Unlock Doomsteel Camo on 30 Weapons
1079,91,1,Reach Max Level with the Echo 12
1080,91,2,Enter Weapon Prestige 1
1081,92,1,Reach Max Level with the Echo 12
1082,92,2,Enter Weapon Prestige 2
1083,51,1,Reach Weapon Prestige Master Level 100 with the Echo 12
1084,52,1,Reach Weapon Prestige Master Level 150 with the Echo 12
1085,53,1,Reach Weapon Prestige Master Level 200 with the Echo 12
1086,93,1,Reach Weapon Prestige Master Level 250 with the Echo 12
1087,1,1,Get 10 Point Blank Kills
1088,2,1,Get 25 Point Blank Kills
1089,3,1,Get 50 Point Blank Kills
1090,4,1,Get 75 Point Blank Kills
1091,5,1,Get 100 Point Blank Kills
1092,6,1,Get 125 Point Blank Kills
1093,7,1,Get 150 Point Blank Kills
1094,8,1,Get 200 Point Blank Kills
1095,9,1,Get 250 Point Blank Kills
1096,10,1,Unlock all Co-Op Campaign Military Camos
1097,10,2,Get 150 Hipfire Kills
1098,11,1,Unlock all Co-Op Campaign Camos
1099,11,2,With a Tactical Laser equipped: get 50 Kills in the Tactical Stance
1100,12,1,Unlock all Co-Op Campaign Camos
1101,12,2,Eliminate 100 Human (NPC) enemies
1102,13,1,Unlock all Co-Op Campaign Special Camos
1103,13,2,Eliminate 20 Special enemies
1104,14,1,Unlock Molten Gold Camo
1105,14,2,Unlock Molten Gold Camo on 3 Shotguns
1106,14,3,In Endgame: eliminate 100 Zone III or Zone IV enemies
1107,15,1,Unlock Moonstone Camo
1108,15,2,Unlock Moonstone Camo on 30 Weapons
1109,15,3,Eliminate 10 Elite enemies
1110,16,1,Unlock Chroma Flux Camo
1111,16,2,Unlock Chroma Flux Camo on 30 Weapons
1112,17,1,Get 5 Point Blank Kills
1113,18,1,Get 10 Point Blank Kills
1114,19,1,Get 20 Point Blank Kills
1115,20,1,Get 30 Point Blank Kills
1116,21,1,Get 40 Point Blank Kills
1117,22,1,Get 50 Point Blank Kills
1118,23,1,Get 60 Point Blank Kills
1119,24,1,Get 70 Point Blank Kills
1120,25,1,Get 80 Point Blank Kills
1121,26,1,Unlock all Multiplayer Military Camos
1122,26,2,Get 30 Objective Kills
1123,27,1,Unlock all Multiplayer Military Camos Camos
1124,27,2,Get 10 Kills while or shortly after sprinting
1125,28,1,Unlock all Multiplayer Military Camos
1126,28,2,Get 50 Eliminations without any Attachments equipped
1127,29,1,Unlock all Multiplayer Special Camos
1128,29,2,Get 3 Kills without dying 10 times
1129,30,1,Unlock Shattered Gold Camo
1130,30,2,Unlock Shattered Gold Camo on 3 Shotguns
1131,30,3,Get 10 Double Kills or better
1132,31,1,Unlock Arclight Camo
1133,31,2,Unlock Arclight Camo on 30 Weapons
1134,31,3,Get 5 Kills without dying 3 times
1135,32,1,Unlock Tempest Camo
1136,32,2,Unlock Tempest Camo on 30 Weapons
1137,33,1,Get 100 Point Blank Kills
1138,34,1,Get 200 Point Blank Kills
1139,35,1,Get 300 Point Blank Kills
1140,36,1,Get 400 Point Blank Kills
1141,37,1,Get 500 Point Blank Kills
1142,38,1,Get 600 Point Blank Kills
1143,39,1,Get 700 Point Blank Kills
1144,40,1,Get 800 Point Blank Kills
1145,41,1,Get 1000 Point Blank Kills
1146,42,1,Unlock all Zombies Military Camos
1147,42,2,Get 300 Point Blank Kills
1148,43,1,Unlock all Zombies Military Camos Camos
1149,43,2,When the Cryo Freeze Ammo Mod equipped: get 300 Eliminations
1150,44,1,Unlock all Zombies Military Camos
1151,44,2,Get 10 Kills without taking damage 5 times
1152,45,1,Unlock all Zombies Special Camos
1153,45,2,Get 10 Kills rapidly 15 times
1154,46,1,Unlock Golden Dragon Camo
1155,46,2,Unlock Golden Dragon Camo on 3 Shotguns
1156,46,3,Get 20 or more consecutive Kills without taking damage 5 times
1157,47,1,Unlock Bloodstone Camo
1158,47,2,Unlock Bloodstone Camo on 30 Weapons
1159,47,3,Eliminate 10 Elite Zombies
1160,48,1,Unlock Doomsteel Camo
1161,48,2,Unlock Doomsteel Camo on 30 Weapons
1162,94,1,Reach Max Level with the Akita
1163,94,2,Enter Weapon Prestige 1
1164,95,1,Reach Max Level with the Akita
1165,95,2,Enter Weapon Prestige 2
1166,51,1,Reach Weapon Prestige Master Level 100 with the Akita
1167,52,1,Reach Weapon Prestige Master Level 150 with the Akita
1168,53,1,Reach Weapon Prestige Master Level 200 with the Akita
1169,96,1,Reach Weapon Prestige Master Level 250 with the Akita
1170,1,1,Get 10 Point Blank Kills
1171,2,1,Get 25 Point Blank Kills
1172,3,1,Get 50 Point Blank Kills
1173,4,1,Get 75 Point Blank Kills
1174,5,1,Get 100 Point Blank Kills
1175,6,1,Get 125 Point Blank Kills
1176,7,1,Get 150 Point Blank Kills
1177,8,1,Get 200 Point Blank Kills
1178,9,1,Get 250 Point Blank Kills
1179,10,1,Unlock all Co-Op Campaign Military Camos
1180,10,2,Get 100 eliminations at Rare Rarity or Higher
1181,11,1,Unlock all Co-Op Campaign Camos
1182,11,2,Get 50 Kills shortly after sprinting
1183,12,1,Unlock all Co-Op Campaign Camos
1184,12,2,Get 50 Hipfire Kills
1185,13,1,Unlock all Co-Op Campaign Special Camos
1186,13,2,Eliminate 20 Special enemies
1187,14,1,Unlock Molten Gold Camo
1188,14,2,Unlock Molten Gold Camo on 3 Shotguns
1189,14,3,In Endgame: eliminate 100 Zone III or Zone IV enemies
1190,15,1,Unlock Moonstone Camo
1191,15,2,Unlock Moonstone Camo on 30 Weapons
1192,15,3,Eliminate 10 Elite enemies
1193,16,1,Unlock Chroma Flux Camo
1194,16,2,Unlock Chroma Flux Camo on 30 Weapons
1195,17,1,Get 5 Headshots
1196,18,1,Get 10 Headshots
1197,19,1,Get 20 Headshots
1198,20,1,Get 30 Headshots
1199,21,1,Get 40 Headshots
1200,22,1,Get 50 Headshots
1201,23,1,Get 60 Headshots
1202,24,1,Get 70 Headshots
1203,25,1,Get 80 Headshots
1204,26,1,Unlock all Multiplayer Military Camos
1205,26,2,Get 50 Kills while moving
1206,27,1,Unlock all Multiplayer Military Camos Camos
1207,27,2,Get 30 Hipfire Kills
1208,28,1,Unlock all Multiplayer Military Camos
1209,28,2,Get a Kill while or shortly after sliding
1210,29,1,Unlock all Multiplayer Special Camos
1211,29,2,Get 3 Kills without dying 10 times
1212,30,1,Unlock Shattered Gold Camo
1213,30,2,Unlock Shattered Gold Camo on 3 Shotguns
1214,30,3,Get 10 Double Kills or better
1215,31,1,Unlock Arclight Camo
1216,31,2,Unlock Arclight Camo on 30 Weapons
1217,31,3,Get 5 Kills without dying 3 times
1218,32,1,Unlock Tempest Camo
1219,32,2,Unlock Tempest Camo on 30 Weapons
1220,33,1,Get 50 Critical Kills
1221,34,1,Get 100 Critical Kills
1222,35,1,Get 200 Critical Kills
1223,36,1,Get 300 Critical Kills
1224,37,1,Get 400 Critical Kills
1225,38,1,Get 500 Critical Kills
1226,39,1,Get 650 Critical Kills
1227,40,1,Get 800 Critical Kills
1228,41,1,Get 1000 Critical Kills
1229,42,1,Unlock all Zombies Military Camos
1230,42,2,Get 10 Kills without taking damage 5 times
1231,43,1,Unlock all Zombies Military Camos Camos
1232,43,2,With the Napalm Burst Ammo Mod equipped: get 300 Eliminations
1233,44,1,Unlock all Zombies Military Camos
1234,44,2,Get 300 Point Blank Kills
1235,45,1,Unlock all Zombies Special Camos
1236,45,2,Get 10 Kills rapidly 15 times
1237,46,1,Unlock Golden Dragon Camo
1238,46,2,Unlock Golden Dragon Camo on 3 Shotguns
1239,46,3,Get 20 or more consecutive Kills without taking damage 5 times
1240,47,1,Unlock Bloodstone Camo
1241,47,2,Unlock Bloodstone Camo on 30 Weapons
1242,47,3,Eliminate 10 Elite Zombies
1243,48,1,Unlock Doomsteel Camo
1244,48,2,Unlock Doomsteel Camo on 30 Weapons
1245,97,1,Reach Max Level with the MK.78
1246,97,2,Enter Weapon Prestige 1
1247,98,1,Reach Max Level with the MK.78
1248,98,2,Enter Weapon Prestige 2
1249,51,1,Reach Weapon Prestige Master Level 100 with the MK.78
1250,52,1,Reach Weapon Prestige Master Level 150 with the MK.78
1251,53,1,Reach Weapon Prestige Master Level 200 with the MK.78
1252,99,1,Reach Weapon Prestige Master Level 250 with the MK.78
1253,1,1,Get 10 Critical Kills
1254,2,1,Get 25 Critical Kills
1255,3,1,Get 50 Critical Kills
1256,4,1,Get 75 Critical Kills
1257,5,1,Get 100 Critical Kills
1258,6,1,Get 125 Critical Kills
1259,7,1,Get 150 Critical Kills
1260,8,1,Get 200 Critical Kills
1261,9,1,Get 250 Critical Kills
1262,10,1,Unlock all Co-Op Campaign Military Camos
1263,10,2,Get 3 Kills without releasing the trigger 10 times
1264,11,1,Unlock all Co-Op Campaign Camos
1265,11,2,With an Extended Magazine Attachment equipped: get 100 Eliminations
1266,12,1,Unlock all Co-Op Campaign Camos
1267,12,2,Eliminate 100 Human (NPC) enemies
1268,13,1,Unlock all Co-Op Campaign Special Camos
1269,13,2,Eliminate 20 Special enemies
1270,14,1,Unlock Molten Gold Camo
1271,14,2,Unlock Molten Gold Camo on 2 LMGs
1272,14,3,In Endgame: eliminate 100 Zone III or Zone IV enemies
1273,15,1,Unlock Moonstone Camo
1274,15,2,Unlock Moonstone Camo on 30 Weapons
1275,15,3,Eliminate 10 Elite enemies
1276,16,1,Unlock Chroma Flux Camo
1277,16,2,Unlock Chroma Flux Camo on 30 Weapons
1278,17,1,Get 5 Headshots
1279,18,1,Get 10 Headshots
1280,19,1,Get 20 Headshots
1281,20,1,Get 30 Headshots
1282,21,1,Get 40 Headshots
1283,22,1,Get 50 Headshots
1284,23,1,Get 60 Headshots
1285,24,1,Get 70 Headshots
1286,25,1,Get 80 Headshots
1287,26,1,Unlock all Multiplayer Military Camos
1288,26,2,Get 30 Objective Kills
1289,27,1,Unlock all Multiplayer Military Camos Camos
1290,27,2,Get 2 Kills without releasing the trigger 5 times
1291,28,1,Unlock all Multiplayer Military Camos
1292,28,2,With 5 or more Attachments equipped: get 50 Eliminations
1293,29,1,Unlock all Multiplayer Special Camos
1294,29,2,Get 3 Kills without dying 10 times
1295,30,1,Unlock Shattered Gold Camo
1296,30,2,Unlock Shattered Gold Camo on 2 LMGs
1297,30,3,Get 10 Double Kills or better
1298,31,1,Unlock Arclight Camo
1299,31,2,Unlock Arclight Camo on 30 Weapons
1300,31,3,Get 5 Kills without dying 3 times
1301,32,1,Unlock Tempest Camo
1302,32,2,Unlock Tempest Camo on 30 Weapons
1303,33,1,Get 100 Critical Kills
1304,34,1,Get 200 Critical Kills
1305,35,1,Get 300 Critical Kills
1306,36,1,Get 400 Critical Kills
1307,37,1,Get 500 Critical Kills
1308,38,1,Get 600 Critical Kills
1309,39,1,Get 700 Critical Kills
1310,40,1,Get 800 Critical Kills
1311,41,1,Get 1000 Critical Kills
1312,42,1,Unlock all Zombies Military Camos
1313,42,2,With Tier 2 or higher Armor equipped: get 150 Eliminations
1314,43,1,Unlock all Zombies Military Camos Camos
1315,43,2,With the Shadow Rift Ammo Mod equipped: get 300 Kills with Shadow Rift Procs
1316,44,1,Unlock all Zombies Military Camos
1317,44,2,Get 100 Kills shortly after using a Field Upgrade
1318,45,1,Unlock all Zombies Special Camos
1319,45,2,Get 10 Kills rapidly 15 times
1320,46,1,Unlock Golden Dragon Camo
1321,46,2,Unlock Golden Dragon Camo on 2 LMGs
1322,46,3,Get 20 or more consecutive Kills without taking damage 5 times
1323,47,1,Unlock Bloodstone Camo
1324,47,2,Unlock Bloodstone Camo on 30 Weapons
1325,47,3,Eliminate 10 Elite Zombies
1326,48,1,Unlock Doomsteel Camo
1327,48,2,Unlock Doomsteel Camo on 30 Weapons
1328,100,1,Reach Max Level with the XM325
1329,100,2,Enter Weapon Prestige 1
1330,101,1,Reach Max Level with the XM325
1331,101,2,Enter Weapon Prestige 2
1332,51,1,Reach Weapon Prestige Master Level 100 with the XM325
1333,52,1,Reach Weapon Prestige Master Level 150 with the XM325
1334,53,1,Reach Weapon Prestige Master Level 200 with the XM325
1335,102,1,Reach Weapon Prestige Master Level 250 with the XM325
1336,1,1,Get 10 Critical Kills
1337,2,1,Get 25 Critical Kills
1338,3,1,Get 50 Critical Kills
1339,4,1,Get 75 Critical Kills
1340,5,1,Get 100 Critical Kills
1341,6,1,Get 125 Critical Kills
1342,7,1,Get 150 Critical Kills
1343,8,1,Get 200 Critical Kills
1344,9,1,Get 250 Critical Kills
1345,10,1,Unlock all Co-Op Campaign Military Camos
1346,10,2,Destroy 25 Guild D.A.W.G.s
1347,11,1,Unlock all Co-Op Campaign Camos
1348,11,2,Get 3 Kills without releasing the trigger 10 times
1349,12,1,Unlock all Co-Op Campaign Camos
1350,12,2,With 8 Attachments equipped: get 100 Eliminations
1351,13,1,Unlock all Co-Op Campaign Special Camos
1352,13,2,Eliminate 20 Special enemies
1353,14,1,Unlock Molten Gold Camo
1354,14,2,Unlock Molten Gold Camo on 2 LMGs
1355,14,3,In Endgame: eliminate 100 Zone III or Zone IV enemies
1356,15,1,Unlock Moonstone Camo
1357,15,2,Unlock Moonstone Camo on 30 Weapons
1358,15,3,Eliminate 10 Elite enemies
1359,16,1,Unlock Chroma Flux Camo
1360,16,2,Unlock Chroma Flux Camo on 30 Weapons
1361,17,1,Get 5 Headshots
1362,18,1,Get 10 Headshots
1363,19,1,Get 20 Headshots
1364,20,1,Get 30 Headshots
1365,21,1,Get 40 Headshots
1366,22,1,Get 50 Headshots
1367,23,1,Get 60 Headshots
1368,24,1,Get 70 Headshots
1369,25,1,Get 80 Headshots
1370,26,1,Unlock all Multiplayer Military Camos
1371,26,2,Kill 30 enemies affected by your Tactical Equipment
1372,27,1,Unlock all Multiplayer Military Camos Camos
1373,27,2,Get 2 Kills without releasing the trigger 5 times
1374,28,1,Unlock all Multiplayer Military Camos
1375,28,2,With the Gunfighter Wildcard equipped: get 50 Eliminations while it has 8 Attachments
1376,29,1,Unlock all Multiplayer Special Camos
1377,29,2,Get 3 Kills without dying 10 times
1378,30,1,Unlock Shattered Gold Camo
1379,30,2,Unlock Shattered Gold Camo on 2 LMGs
1380,30,3,Get 10 Double Kills or better
1381,31,1,Unlock Arclight Camo
1382,31,2,Unlock Arclight Camo on 30 Weapons
1383,31,3,Get 5 Kills without dying 3 times
1384,32,1,Unlock Tempest Camo
1385,32,2,Unlock Tempest Camo on 30 Weapons
1386,33,1,Get 100 Critical Kills
1387,34,1,Get 200 Critical Kills
1388,35,1,Get 300 Critical Kills
1389,36,1,Get 400 Critical Kills
1390,37,1,Get 500 Critical Kills
1391,38,1,Get 600 Critical Kills
1392,39,1,Get 700 Critical Kills
1393,40,1,Get 800 Critical Kills
1394,41,1,Get 1000 Critical Kills
1395,42,1,Unlock all Zombies Military Camos
1396,42,2,With the Dead Wire Ammo Mod equipped: get 300 Eliminations
1397,43,1,Unlock all Zombies Military Camos Camos
1398,43,2,Get 300 Hipfire Kills
1399,44,1,Unlock all Zombies Military Camos
1400,44,2,Get 10 Kills without reloading 5 times
1401,45,1,Unlock all Zombies Special Camos
1402,45,2,Get 10 Kills rapidly 15 times
1403,46,1,Unlock Golden Dragon Camo
1404,46,2,Unlock Golden Dragon Camo on 2 LMGs
1405,46,3,Get 20 or more consecutive Kills without taking damage 5 times
1406,47,1,Unlock Bloodstone Camo
1407,47,2,Unlock Bloodstone Camo on 30 Weapons
1408,47,3,Eliminate 10 Elite Zombies
1409,48,1,Unlock Doomsteel Camo
1410,48,2,Unlock Doomsteel Camo on 30 Weapons
1411,103,1,Reach Max Level with the M8A1
1412,103,2,Enter Weapon Prestige 1
1413,104,1,Reach Max Level with the M8A1
1414,104,2,Enter Weapon Prestige 2
1415,51,1,Reach Weapon Prestige Master Level 100 with the M8A1
1416,52,1,Reach Weapon Prestige Master Level 150 with the M8A1
1417,53,1,Reach Weapon Prestige Master Level 200 with the M8A1
1418,105,1,Reach Weapon Prestige Master Level 250 with the M8A1
1419,1,1,Get 10 Critical Kills
1420,2,1,Get 25 Critical Kills
1421,3,1,Get 50 Critical Kills
1422,4,1,Get 75 Critical Kills
1423,5,1,Get 100 Critical Kills
1424,6,1,Get 125 Critical Kills
1425,7,1,Get 150 Critical Kills
1426,8,1,Get 200 Critical Kills
1427,9,1,Get 250 Critical Kills
1428,10,1,Unlock all Co-Op Campaign Military Camos
1429,10,2,With a 4.0x or higher magnification scope equipped: get 100 Eliminations
1430,11,1,Unlock all Co-Op Campaign Camos
1431,11,2,Get 50 Kills while Aiming Down Sights
1432,12,1,Unlock all Co-Op Campaign Camos
1433,12,2,Get 100 Eliminations with the M8A1 at Rare Rarity or higher
1434,13,1,Unlock all Co-Op Campaign Special Camos
1435,13,2,Eliminate 20 Special enemies
1436,14,1,Unlock Molten Gold Camo
1437,14,2,Unlock Molten Gold Camo on 3 Marksman Rifles
1438,14,3,In Endgame: eliminate 100 Zone III or Zone IV enemies
1439,15,1,Unlock Moonstone Camo
1440,15,2,Unlock Moonstone Camo on 30 Weapons
1441,15,3,Eliminate 10 Elite enemies
1442,16,1,Unlock Chroma Flux Camo
1443,16,2,Unlock Chroma Flux Camo on 30 Weapons
1444,17,1,Get 5 Headshots
1445,18,1,Get 10 Headshots
1446,19,1,Get 20 Headshots
1447,20,1,Get 30 Headshots
1448,21,1,Get 40 Headshots
1449,22,1,Get 50 Headshots
1450,23,1,Get 60 Headshots
1451,24,1,Get 70 Headshots
1452,25,1,Get 80 Headshots
1453,26,1,Unlock all Multiplayer Military Camos
1454,26,2,With a 4.0x or higher magnification scope equipped: get 50 Eliminations
1455,27,1,Unlock all Multiplayer Military Camos Camos
1456,27,2,Get 15 Long Shot Medals (Killed an enemy at long range)
1457,28,1,Unlock all Multiplayer Military Camos
1458,28,2,Get a Kill without taking damage 30 times
1459,29,1,Unlock all Multiplayer Special Camos
1460,29,2,Get 3 Kills without dying 10 times
1461,30,1,Unlock Shattered Gold Camo
1462,30,2,Unlock Shattered Gold Camo on 3 Marksman Rifles
1463,30,3,Get 10 Double Kills or better
1464,31,1,Unlock Arclight Camo
1465,31,2,Unlock Arclight Camo on 30 Weapons
1466,31,3,Get 5 Kills without dying
1467,32,1,Unlock Tempest Camo
1468,32,2,Unlock Tempest Camo on 30 Weapons
1469,33,1,Get 100 Critical Kills
1470,34,1,Get 200 Critical Kills
1471,35,1,Get 300 Critical Kills
1472,36,1,Get 400 Critical Kills
1473,37,1,Get 500 Critical Kills
1474,38,1,Get 600 Critical Kills
1475,39,1,Get 700 Critical Kills
1476,40,1,Get 800 Critical Kills
1477,41,1,Get 1000 Critical Kills
1478,42,1,Unlock all Zombies Military Camos
1479,42,2,Get 300 Eliminations with the M8A1 while it's Pack-A-Punched
1480,43,1,Unlock all Zombies Military Camos Camos
1481,43,2,With the Cryo Freeze Ammo Mod equipped: get 300 Eliminations
1482,44,1,Unlock all Zombies Military Camos
1483,44,2,Get 100 Kills shortly after using a Field Upgrade
1484,45,1,Unlock all Zombies Special Camos
1485,45,2,Get 10 Kills rapidly 15 times
1486,46,1,Unlock Golden Dragon Camo
1487,46,2,Unlock Golden Dragon Camo on 3 Marksman Rifles
1488,46,3,Get 20 or more consecutive Kills without taking damage 5 times
1489,47,1,Unlock Bloodstone Camo
1490,47,2,Unlock Bloodstone Camo on 30 Weapons
1491,47,3,Eliminate 10 Elite Zombies
1492,48,1,Unlock Doomsteel Camo
1493,48,2,Unlock Doomsteel Camo on 30 Weapons
1494,106,1,Reach Max Level with the Warden 308
1495,106,2,Enter Weapon Prestige 1
1496,107,1,Reach Max Level with the Warden 308
1497,107,2,Enter Weapon Prestige 2
1498,51,1,Reach Weapon Prestige Master Level 100 with the Warden 308
1499,52,1,Reach Weapon Prestige Master Level 150 with the Warden 308
1500,53,1,Reach Weapon Prestige Master Level 200 with the Warden 308
1501,108,1,Reach Weapon Prestige Master Level 250 with the Warden 308
1502,1,1,Get 10 Critical Kills
1503,2,1,Get 25 Critical Kills
1504,3,1,Get 50 Critical Kills
1505,4,1,Get 75 Critical Kills
1506,5,1,Get 100 Critical Kills
1507,6,1,Get 125 Critical Kills
1508,7,1,Get 150 Critical Kills
1509,8,1,Get 200 Critical Kills
1510,9,1,Get 250 Critical Kills
1511,10,1,Unlock all Co-Op Campaign Military Camos
1512,10,2,Get 10 Kills without reloading 10 times
1513,11,1,Unlock all Co-Op Campaign Camos
1514,11,2,Get 3 Critical Kills rapidly 10 times
1515,12,1,Unlock all Co-Op Campaign Camos
1516,12,2,With a Suppressor Attachment equipped: get 100 Eliminations
1517,13,1,Unlock all Co-Op Campaign Special Camos
1518,13,2,Eliminate 20 Special enemies
1519,14,1,Unlock Molten Gold Camo
1520,14,2,Unlock Molten Gold Camo on 3 Marksman Rifles
1521,14,3,In Endgame: eliminate 100 Zone III or Zone IV enemies
1522,15,1,Unlock Moonstone Camo
1523,15,2,Unlock Moonstone Camo on 30 Weapons
1524,15,3,Eliminate 10 Elite enemies
1525,16,1,Unlock Chroma Flux Camo
1526,16,2,Unlock Chroma Flux Camo on 30 Weapons
1527,17,1,Get 5 Headshots
1528,18,1,Get 10 Headshots
1529,19,1,Get 20 Headshots
1530,20,1,Get 30 Headshots
1531,21,1,Get 40 Headshots
1532,22,1,Get 50 Headshots
1533,23,1,Get 60 Headshots
1534,24,1,Get 70 Headshots
1535,25,1,Get 80 Headshots
1536,26,1,Unlock all Multiplayer Military Camos
1537,26,2,Get 30 Objective Kills
1538,27,1,Unlock all Multiplayer Military Camos Camos
1539,27,2,With 5 or more Attachments equipped: get 50 Eliminations
1540,28,1,Unlock all Multiplayer Military Camos
1541,28,2,Get 30 One Shot Kills
1542,29,1,Unlock all Multiplayer Special Camos
1543,29,2,Get 3 Kills without dying 10 times
1544,30,1,Unlock Shattered Gold Camo
1545,30,2,Unlock Shattered Gold Camo on 3 Marksman Rifles
1546,30,3,Get 10 Double Kills or better
1547,31,1,Unlock Arclight Camo
1548,31,2,Unlock Arclight Camo on 30 Weapons
1549,31,3,Get 5 Kills without dying
1550,32,1,Unlock Tempest Camo
1551,32,2,Unlock Tempest Camo on 30 Weapons
1552,33,1,Get 100 Critical Kills
1553,34,1,Get 200 Critical Kills
1554,35,1,Get 300 Critical Kills
1555,36,1,Get 400 Critical Kills
1556,37,1,Get 500 Critical Kills
1557,38,1,Get 600 Critical Kills
1558,39,1,Get 700 Critical Kills
1559,40,1,Get 800 Critical Kills
1560,41,1,Get 1000 Critical Kills
1561,42,1,Unlock all Zombies Military Camos
1562,42,2,With the Fire Works Ammo Mod equipped: get 75 Kills with Fire Works Activations
1563,43,1,Unlock all Zombies Military Camos Camos
1564,43,2,Get 300 Eliminations with the Warden 308 at Rare Rarity or higher
1565,44,1,Unlock all Zombies Military Camos
1566,44,2,Get 2 Critical Kills with a single shot 15 times
1567,45,1,Unlock all Zombies Special Camos
1568,45,2,Get 10 Kills rapidly 15 times
1569,46,1,Unlock Golden Dragon Camo
1570,46,2,Unlock Golden Dragon Camo on 3 Marksman Rifles
1571,46,3,Get 20 or more consecutive Kills without taking damage 5 times
1572,47,1,Unlock Bloodstone Camo
1573,47,2,Unlock Bloodstone Camo on 30 Weapons
1574,47,3,Eliminate 10 Elite Zombies
1575,48,1,Unlock Doomsteel Camo
1576,48,2,Unlock Doomsteel Camo on 30 Weapons
1577,109,1,Reach Max Level with the M34 Novaline
1578,109,2,Enter Weapon Prestige 1
1579,110,1,Reach Max Level with the M34 Novaline
1580,110,2,Enter Weapon Prestige 2
1581,51,1,Reach Weapon Prestige Master Level 100 with the M34 Novaline
1582,52,1,Reach Weapon Prestige Master Level 150 with the M34 Novaline
1583,53,1,Reach Weapon Prestige Master Level 200 with the M34 Novaline
1584,111,1,Reach Weapon Prestige Master Level 250 with the M34 Novaline
1585,1,1,Get 10 Critical Kills
1586,2,1,Get 25 Critical Kills
1587,3,1,Get 50 Critical Kills
1588,4,1,Get 75 Critical Kills
1589,5,1,Get 100 Critical Kills
1590,6,1,Get 125 Critical Kills
1591,7,1,Get 150 Critical Kills
1592,8,1,Get 200 Critical Kills
1593,9,1,Get 250 Critical Kills
1594,10,1,Unlock all Co-Op Campaign Military Camos
1595,10,2,Eliminate 100 Human (NPC) enemies
1596,11,1,Unlock all Co-Op Campaign Camos
1597,11,2,With 8 Attachments equipped: get 100 Eliminations
1598,12,1,Unlock all Co-Op Campaign Camos
1599,12,2,With a 4.0x or higher magnification scope equipped: get 100 Eliminations
1600,13,1,Unlock all Co-Op Campaign Special Camos
1601,13,2,Eliminate 20 Special enemies
1602,14,1,Unlock Molten Gold Camo
1603,14,2,Unlock Molten Gold Camo on 3 Marksman Rifles
1604,14,3,In Endgame: eliminate 100 Zone III or Zone IV enemies
1605,15,1,Unlock Moonstone Camo
1606,15,2,Unlock Moonstone Camo on 30 Weapons
1607,15,3,Eliminate 10 Elite enemies
1608,16,1,Unlock Chroma Flux Camo
1609,16,2,Unlock Chroma Flux Camo on 30 Weapons
1610,17,1,Get 5 Headshots
1611,18,1,Get 10 Headshots
1612,19,1,Get 20 Headshots
1613,20,1,Get 30 Headshots
1614,21,1,Get 40 Headshots
1615,22,1,Get 50 Headshots
1616,23,1,Get 60 Headshots
1617,24,1,Get 70 Headshots
1618,25,1,Get 80 Headshots
1619,26,1,Unlock all Multiplayer Military Camos
1620,26,2,Get 15 Long Shot Medals (Killed an enemy at long range)
1621,27,1,Unlock all Multiplayer Military Camos Camos
1622,27,2,With a 4.0x or higher magnification scope equipped: get 50 Eliminations
1623,28,1,Unlock all Multiplayer Military Camos
1624,28,2,With the Gunfighter Wildcard equipped: get 50 Eliminations with the M34 Novaline while it has 8 Attachments
1625,29,1,Unlock all Multiplayer Special Camos
1626,29,2,Get 3 Kills without dying 10 times
1627,30,1,Unlock Shattered Gold Camo
1628,30,2,Unlock Shattered Gold Camo on 3 Marksman Rifles
1629,30,3,Get 10 Double Kills or better
1630,31,1,Unlock Arclight Camo
1631,31,2,Unlock Arclight Camo on 30 Weapons
1632,31,3,Get 5 Kills without dying
1633,32,1,Unlock Tempest Camo
1634,32,2,Unlock Tempest Camo on 30 Weapons
1635,33,1,Get 100 Critical Kills
1636,34,1,Get 200 Critical Kills
1637,35,1,Get 300 Critical Kills
1638,36,1,Get 400 Critical Kills
1639,37,1,Get 500 Critical Kills
1640,38,1,Get 600 Critical Kills
1641,39,1,Get 700 Critical Kills
1642,40,1,Get 800 Critical Kills
1643,41,1,Get 1000 Critical Kills
1644,42,1,Unlock all Zombies Military Camos
1645,42,2,Get 3 Critical Kills consecutively 5 times
1646,43,1,Unlock all Zombies Military Camos Camos
1647,43,2,With the Brain Rot Ammo Mod equipped: get 300 Eliminations
1648,44,1,Unlock all Zombies Military Camos
1649,44,2,Kill 100 enemies affected by your Tactical Equipment
1650,45,1,Unlock all Zombies Special Camos
1651,45,2,Get 10 Kills rapidly 15 times
1652,46,1,Unlock Golden Dragon Camo
1653,46,2,Unlock Golden Dragon Camo on 3 Marksman Rifles
1654,46,3,Get 20 or more consecutive Kills without taking damage 5 times
1655,47,1,Unlock Bloodstone Camo
1656,47,2,Unlock Bloodstone Camo on 30 Weapons
1657,47,3,Eliminate 10 Elite Zombies
1658,48,1,Unlock Doomsteel Camo
1659,48,2,Unlock Doomsteel Camo on 30 Weapons
1660,112,1,Reach Max Level with the VS Recon
1661,112,2,Enter Weapon Prestige 1
1662,113,1,Reach Max Level with the VS Recon
1663,113,2,Enter Weapon Prestige 2
1664,51,1,Reach Weapon Prestige Master Level 100 with the VS Recon
1665,52,1,Reach Weapon Prestige Master Level 150 with the VS Recon
1666,53,1,Reach Weapon Prestige Master Level 200 with the VS Recon
1667,114,1,Reach Weapon Prestige Master Level 250 with the VS Recon
1668,1,1,Get 10 Critical Kills
1669,2,1,Get 25 Critical Kills
1670,3,1,Get 50 Critical Kills
1671,4,1,Get 75 Critical Kills
1672,5,1,Get 100 Critical Kills
1673,6,1,Get 125 Critical Kills
1674,7,1,Get 150 Critical Kills
1675,8,1,Get 200 Critical Kills
1676,9,1,Get 250 Critical Kills
1677,10,1,Unlock all Co-Op Campaign Military Camos
1678,10,2,Eliminate 100 Fear enemies
1679,11,1,Unlock all Co-Op Campaign Camos
1680,11,2,With a Suppressor Attachment equipped: get 100 Eliminations
1681,12,1,Unlock all Co-Op Campaign Camos
1682,12,2,With 8 Attachments equipped: get 100 Eliminations
1683,13,1,Unlock all Co-Op Campaign Special Camos
1684,13,2,Eliminate 20 Special enemies
1685,14,1,Unlock Molten Gold Camo
1686,14,2,Unlock Molten Gold Camo on 3 Sniper Rifles
1687,14,3,In Endgame: eliminate 100 Zone III or Zone IV enemies
1688,15,1,Unlock Moonstone Camo
1689,15,2,Unlock Moonstone Camo on 30 Weapons
1690,15,3,Eliminate 10 Elite enemies
1691,16,1,Unlock Chroma Flux Camo
1692,16,2,Unlock Chroma Flux Camo on 30 Weapons
1693,17,1,Get 5 Headshots
1694,18,1,Get 10 Headshots
1695,19,1,Get 20 Headshots
1696,20,1,Get 30 Headshots
1697,21,1,Get 40 Headshots
1698,22,1,Get 50 Headshots
1699,23,1,Get 60 Headshots
1700,24,1,Get 70 Headshots
1701,25,1,Get 80 Headshots
1702,26,1,Unlock all Multiplayer Military Camos
1703,26,2,With a 4.0x or higher magnification scope equipped: get 50 Eliminations
1704,27,1,Unlock all Multiplayer Military Camos Camos
1705,27,2,Get 30 One Shot Kills
1706,28,1,Unlock all Multiplayer Military Camos
1707,28,2,Get 2 Kills without reloading 10 times
1708,29,1,Unlock all Multiplayer Special Camos
1709,29,2,Get 3 Kills without dying 10 times
1710,30,1,Unlock Shattered Gold Camo
1711,30,2,Unlock Shattered Gold Camo on 3 Sniper Rifles
1712,30,3,Get 10 Double Kills or better
1713,31,1,Unlock Arclight Camo
1714,31,2,Unlock Arclight Camo on 30 Weapons
1715,31,3,Get 5 Kills without dying
1716,32,1,Unlock Tempest Camo
1717,32,2,Unlock Tempest Camo on 30 Weapons
1718,33,1,Get 100 Critical Kills
1719,34,1,Get 200 Critical Kills
1720,35,1,Get 300 Critical Kills
1721,36,1,Get 400 Critical Kills
1722,37,1,Get 500 Critical Kills
1723,38,1,Get 600 Critical Kills
1724,39,1,Get 700 Critical Kills
1725,40,1,Get 800 Critical Kills
1726,41,1,Get 1000 Critical Kills
1727,42,1,Unlock all Zombies Military Camos
1728,42,2,Get 3 Critical Kills consecutively 5 times
1729,43,1,Unlock all Zombies Military Camos Camos
1730,43,2,With the Dead Wire Ammo Mod equipped: get 300 Eliminations
1731,44,1,Unlock all Zombies Military Camos
1732,44,2,Get 300 Eliminations while the VS Recon is Pack-A-Punched
1733,45,1,Unlock all Zombies Special Camos
1734,45,2,Get 10 Kills rapidly 15 times
1735,46,1,Unlock Golden Dragon Camo
1736,46,2,Unlock Golden Dragon Camo on 3 Sniper Rifles
1737,46,3,Get 20 or more consecutive Kills without taking damage 5 times
1738,47,1,Unlock Bloodstone Camo
1739,47,2,Unlock Bloodstone Camo on 30 Weapons
1740,47,3,Eliminate 10 Elite Zombies
1741,48,1,Unlock Doomsteel Camo
1742,48,2,Unlock Doomsteel Camo on 30 Weapons
1743,115,1,Reach Max Level with the XR-3 ION
1744,115,2,Enter Weapon Prestige 1
1745,116,1,Reach Max Level with the XR-3 ION
1746,116,2,Enter Weapon Prestige 2
1747,51,1,Reach Weapon Prestige Master Level 100 with the XR-3 ION
1748,52,1,Reach Weapon Prestige Master Level 150 with the XR-3 ION
1749,53,1,Reach Weapon Prestige Master Level 200 with the XR-3 ION
1750,117,1,Reach Weapon Prestige Master Level 250 with the XR-3 ION
1751,1,1,Get 10 Critical Kills
1752,2,1,Get 25 Critical Kills
1753,3,1,Get 50 Critical Kills
1754,4,1,Get 75 Critical Kills
1755,5,1,Get 100 Critical Kills
1756,6,1,Get 125 Critical Kills
1757,7,1,Get 150 Critical Kills
1758,8,1,Get 200 Critical Kills
1759,9,1,Get 250 Critical Kills
1760,10,1,Unlock all Co-Op Campaign Military Camos
1761,10,2,With a 4.0x or higher magnification scope equipped: get 100 Eliminations
1762,11,1,Unlock all Co-Op Campaign Camos
1763,11,2,With a Supressor Attachment equipped: get 100 Eliminations
1764,12,1,Unlock all Co-Op Campaign Camos
1765,12,2,Eliminate 100 Fear enemies
1766,13,1,Unlock all Co-Op Campaign Special Camos
1767,13,2,Eliminate 20 Special enemies
1768,14,1,Unlock Molten Gold Camo
1769,14,2,Unlock Molten Gold Camo on 3 Sniper Rifles
1770,14,3,In Endgame: eliminate 100 Zone III or Zone IV enemies
1771,15,1,Unlock Moonstone Camo
1772,15,2,Unlock Moonstone Camo on 30 Weapons
1773,15,3,Eliminate 10 Elite enemies
1774,16,1,Unlock Chroma Flux Camo
1775,16,2,Unlock Chroma Flux Camo on 30 Weapons
1776,17,1,Get 5 Headshots
1777,18,1,Get 10 Headshots
1778,19,1,Get 20 Headshots
1779,20,1,Get 30 Headshots
1780,21,1,Get 40 Headshots
1781,22,1,Get 50 Headshots
1782,23,1,Get 60 Headshots
1783,24,1,Get 70 Headshots
1784,25,1,Get 80 Headshots
1785,26,1,Unlock all Multiplayer Military Camos
1786,26,2,Get 15 Long Shot Medals (Killed an enemy at long range)
1787,27,1,Unlock all Multiplayer Military Camos
1788,27,2,Get 50 Eliminations without any Attachments equipped
1789,28,1,Unlock all Multiplayer Military Camos
1790,28,2,Get 2 Kills without reloading 10 times
1791,29,1,Unlock all Multiplayer Special Camos
1792,29,2,Get 3 Kills without dying 10 times
1793,30,1,Unlock Shattered Gold Camo
1794,30,2,Unlock Shattered Gold Camo on 3 Sniper Rifles
1795,30,3,Get 10 Double Kills or better
1796,31,1,Unlock Arclight Camo
1797,31,2,Unlock Arclight Camo on 30 Weapons
1798,31,3,Get 5 Kills without dying
1799,32,1,Unlock Tempest Camo
1800,32,2,Unlock Tempest Camo on 30 Weapons
1801,33,1,Get 100 Critical Kills
1802,34,1,Get 200 Critical Kills
1803,35,1,Get 300 Critical Kills
1804,36,1,Get 400 Critical Kills
1805,37,1,Get 500 Critical Kills
1806,38,1,Get 600 Critical Kills
1807,39,1,Get 700 Critical Kills
1808,40,1,Get 800 Critical Kills
1809,41,1,Get 1000 Critical Kills
1810,42,1,Unlock all Zombies Military Camos
1811,42,2,Get 2 Critical Kills with a single shot 15 times
1812,43,1,Unlock all Zombies Military Camos Camos
1813,43,2,Get 75 Armored Zombie Eliminations
1814,44,1,Unlock all Zombies Military Camos
1815,44,2,Get 10 Kills without taking damage 5 times
1816,45,1,Unlock all Zombies Special Camos
1817,45,2,Get 10 Kills rapidly 15 times
1818,46,1,Unlock Golden Dragon Camo
1819,46,2,Unlock Golden Dragon Camo on 3 Sniper Rifles
1820,46,3,Get 20 or more consecutive Kills without taking damage 5 times
1821,47,1,Unlock Bloodstone Camo
1822,47,2,Unlock Bloodstone Camo on 30 Weapons
1823,47,3,Eliminate 10 Elite Zombies
1824,48,1,Unlock Doomsteel Camo
1825,48,2,Unlock Doomsteel Camo on 30 Weapons
1826,48,3,Eliminate 10 Elite Zombies
1827,118,1,Reach Max Level with the Jäger 45
1828,118,2,Enter Weapon Prestige 1
1829,119,1,Reach Max Level with the Jäger 45
1830,119,2,Enter Weapon Prestige 2
1831,51,1,Reach Weapon Prestige Master Level 100 with the Jäger 45
1832,52,1,Reach Weapon Prestige Master Level 150 with the Jäger 45
1833,53,1,Reach Weapon Prestige Master Level 200 with the Jäger 45
1834,120,1,Reach Weapon Prestige Master Level 250 with the Jäger 45
1835,1,1,Get 10 Critical Kills
1836,2,1,Get 25 Critical Kills
1837,3,1,Get 50 Critical Kills
1838,4,1,Get 75 Critical Kills
1839,5,1,Get 100 Critical Kills
1840,6,1,Get 125 Critical Kills
1841,7,1,Get 150 Critical Kills
1842,8,1,Get 200 Critical Kills
1843,9,1,Get 250 Critical Kills
1844,10,1,Unlock all Co-Op Campaign Military Camos
1845,10,2,Get 25 Kills shortly after switching weapons
1846,11,1,Unlock all Co-Op Campaign Camos
1847,11,2,Destroy 25 Guild D.A.W.G.s
1848,12,1,Unlock all Co-Op Campaign Camos
1849,12,2,Eliminate 100 Human (NPC) enemies
1850,13,1,Unlock all Co-Op Campaign Special Camos
1851,13,2,Eliminate 20 Special enemies
1852,14,1,Unlock Molten Gold Camo
1853,14,2,Unlock Molten Gold Camo on 3 Pistols
1854,14,3,In Endgame: eliminate 100 Zone III or Zone IV enemies
1855,15,1,Unlock Moonstone Camo
1856,15,2,Unlock Moonstone Camo on 30 Weapons
1857,15,3,Eliminate 10 Elite enemies
1858,16,1,Unlock Chroma Flux Camo
1859,16,2,Unlock Chroma Flux Camo on 30 Weapons
1860,17,1,Get 5 Headshots
1861,18,1,Get 10 Headshots
1862,19,1,Get 20 Headshots
1863,20,1,Get 30 Headshots
1864,21,1,Get 40 Headshots
1865,22,1,Get 50 Headshots
1866,23,1,Get 60 Headshots
1867,24,1,Get 70 Headshots
1868,25,1,Get 80 Headshots
1869,26,1,Unlock all Multiplayer Military Camos
1870,26,2,Get 15 Kills shortly after switching weapons
1871,27,1,Unlock all Multiplayer Military Camos
1872,27,2,Get 50 Kills while moving
1873,28,1,Unlock all Multiplayer Military Camos
1874,28,2,Get a Kill without taking any damage 30 times
1875,29,1,Unlock all Multiplayer Special Camos
1876,29,2,Get 3 Kills without dying 10 times
1877,30,1,Unlock Shattered Gold Camo
1878,30,2,Unlock Shattered Gold Camo on 3 Pistols
1879,30,3,Get 10 Double Kills or better
1880,31,1,Unlock Arclight Camo
1881,31,2,Unlock Arclight Camo on 30 Weapons
1882,31,3,Get 5 Kills without dying 3 times
1883,32,1,Unlock Tempest Camo
1884,32,2,Unlock Tempest Camo on 30 Weapons
1885,33,1,Get 100 Critical Kills
1886,34,1,Get 200 Critical Kills
1887,35,1,Get 300 Critical Kills
1888,36,1,Get 400 Critical Kills
1889,37,1,Get 500 Critical Kills
1890,38,1,Get 600 Critical Kills
1891,39,1,Get 700 Critical Kills
1892,40,1,Get 800 Critical Kills
1893,41,1,Get 1000 Critical Kills
1894,42,1,Unlock all Zombies Military Camos
1895,42,2,Get 10 Kills without reloading 15 times
1896,43,1,Unlock all Zombies Military Camos Camos
1897,43,2,Get 3 Critical Kills consecutively 5 times
1898,44,1,Unlock all Zombies Military Camos
1899,44,2,With the Napalm Burst Ammo Mod equipped: get 300 Eliminations
1900,45,1,Unlock all Zombies Special Camos
1901,45,2,Get 10 Kills rapidly 15 times
1902,46,1,Unlock Golden Dragon Camo
1903,46,2,Unlock Golden Dragon Camo on 3 Pistols
1904,46,3,Get 20 or more consecutive Kills without taking damage 5 times
1905,47,1,Unlock Bloodstone Camo
1906,47,2,Unlock Bloodstone Camo on 30 Weapons
1907,47,3,Eliminate 10 Elite Zombies
1908,48,1,Unlock Doomsteel Camo
1909,48,2,Unlock Doomsteel Camo on 30 Weapons
1910,121,1,Reach Max Level with the CODA 9
1911,121,2,Enter Weapon Prestige 1
1912,122,1,Reach Max Level with the CODA 9
1913,122,2,Enter Weapon Prestige 2
1914,51,1,Reach Weapon Prestige Master Level 100 with the CODA 9
1915,52,1,Reach Weapon Prestige Master Level 150 with the CODA 9
1916,53,1,Reach Weapon Prestige Master Level 200 with the CODA 9
1917,123,1,Reach Weapon Prestige Master Level 250 with the CODA 9
1918,1,1,Get 10 Critical Kills
1919,2,1,Get 25 Critical Kills
1920,3,1,Get 50 Critical Kills
1921,4,1,Get 75 Critical Kills
1922,5,1,Get 100 Critical Kills
1923,6,1,Get 125 Critical Kills
1924,7,1,Get 150 Critical Kills
1925,8,1,Get 200 Critical Kills
1926,9,1,Get 250 Critical Kills
1927,10,1,Unlock all Co-Op Campaign Military Camos
1928,10,2,Get 50 Point Blank Kills
1929,11,1,Unlock all Co-Op Campaign Camos
1930,11,2,Destroy 25 D.A.W.G.s
1931,12,1,Unlock all Co-Op Campaign Camos
1932,12,2,Get 25 Kills shortly after switching weapons
1933,13,1,Unlock all Co-Op Campaign Special Camos
1934,13,2,Eliminate 20 Special enemies
1935,14,1,Unlock Molten Gold Camo
1936,14,2,Unlock Molten Gold Camo on 3 Pistols
1937,14,3,In Endgame: eliminate 100 Zone III or Zone IV enemies
1938,15,1,Unlock Moonstone Camo
1939,15,2,Unlock Moonstone Camo on 30 Weapons
1940,15,3,Eliminate 10 Elite enemies
1941,16,1,Unlock Chroma Flux Camo
1942,16,2,Unlock Chroma Flux Camo on 30 Weapons
1943,17,1,Get 5 Headshots
1944,18,1,Get 10 Headshots
1945,19,1,Get 20 Headshots
1946,20,1,Get 30 Headshots
1947,21,1,Get 40 Headshots
1948,22,1,Get 50 Headshots
1949,23,1,Get 60 Headshots
1950,24,1,Get 70 Headshots
1951,25,1,Get 80 Headshots
1952,26,1,Unlock all Multiplayer Military Camos
1953,26,2,With a Suppressor equipped: get 10 Eliminations
1954,27,1,Unlock all Multiplayer Military Camos
1955,27,2,Get 30 Hipfire Kills
1956,28,1,Unlock all Multiplayer Military Camos
1957,28,2,Get 15 Kills shortly after switching weapons
1958,29,1,Unlock all Multiplayer Special Camos
1959,29,2,Get 3 Kills without dying 10 times
1960,30,1,Unlock Shattered Gold Camo
1961,30,2,Unlock Shattered Gold Camo on 3 Pistols
1962,30,3,Get 10 Double Kills or better
1963,31,1,Unlock Arclight Camo
1964,31,2,Unlock Arclight Camo on 30 Weapons
1965,31,3,Get 5 Kills without dying 3 times
1966,32,1,Unlock Tempest Camo
1967,32,2,Unlock Tempest Camo on 30 Weapons
1968,33,1,Get 100 Critical Kills
1969,34,1,Get 200 Critical Kills
1970,35,1,Get 300 Critical Kills
1971,36,1,Get 400 Critical Kills
1972,37,1,Get 500 Critical Kills
1973,38,1,Get 600 Critical Kills
1974,39,1,Get 700 Critical Kills
1975,40,1,Get 800 Critical Kills
1976,41,1,Get 1000 Critical Kills
1977,42,1,Unlock all Zombies Military Camos
1978,42,2,With the Shadow Rift Ammo Mod equipped: get 300 Kills with Shadow Rift activations
1979,43,1,Unlock all Zombies Military Camos Camos
1980,43,2,Get 300 Hipfire Kills
1981,44,1,Unlock all Zombies Military Camos
1982,44,2,Kill 100 enemies affected by your Tactical Equipment
1983,45,1,Unlock all Zombies Special Camos
1984,45,2,Get 10 Kills rapidly 15 times
1985,46,1,Unlock Golden Dragon Camo
1986,46,2,Unlock Golden Dragon Camo on 3 Pistols
1987,46,3,Get 20 or more consecutive Kills without taking damage 5 times
1988,47,1,Unlock Bloodstone Camo
1989,47,2,Unlock Bloodstone Camo on 30 Weapons
1990,47,3,Eliminate 10 Elite Zombies
1991,48,1,Unlock Doomsteel Camo
1992,48,2,Unlock Doomsteel Camo on 30 Weapons
1993,124,1,Reach Max Level with the Velox 5.7
1994,124,2,Enter Weapon Prestige 1
1995,125,1,Reach Max Level with the Velox 5.7
1996,125,2,Enter Weapon Prestige 2
1997,51,1,Reach Weapon Prestige Master Level 100 with the Velox 5.7
1998,52,1,Reach Weapon Prestige Master Level 150 with the Velox 5.7
1999,53,1,Reach Weapon Prestige Master Level 200 with the Velox 5.7
2000,126,1,Reach Weapon Prestige Master Level 250 with the Velox 5.7
2001,1,1,Get 10 Critical Kills
2002,2,1,Get 25 Critical Kills
2003,3,1,Get 50 Critical Kills
2004,4,1,Get 75 Critical Kills
2005,5,1,Get 100 Critical Kills
2006,6,1,Get 125 Critical Kills
2007,7,1,Get 150 Critical Kills
2008,8,1,Get 200 Critical Kills
2009,9,1,Get 250 Critical Kills
2010,10,1,Unlock all Co-Op Campaign Military Camos
2011,10,2,With a Suppressor Attachement equipped: get 100 Eliminations
2012,11,1,Unlock all Co-Op Campaign Camos
2013,11,2,Eliminate 50 Guild Tech enemies
2014,12,1,Unlock all Co-Op Campaign Camos
2015,12,2,Get 50 Hipfire Kills
2016,13,1,Unlock all Co-Op Campaign Special Camos
2017,13,2,Eliminate 20 Special enemies
2018,14,1,Unlock Molten Gold Camo
2019,14,2,Unlock Molten Gold Camo on 3 Pistols
2020,14,3,In Endgame: eliminate 100 Zone III or Zone IV enemies
2021,15,1,Unlock Moonstone Camo
2022,15,2,Unlock Moonstone Camo on 30 Weapons
2023,15,3,Eliminate 10 Elite enemies
2024,16,1,Unlock Chroma Flux Camo
2025,16,2,Unlock Chroma Flux Camo on 30 Weapons
2026,17,1,Get 5 Headshots
2027,18,1,Get 10 Headshots
2028,19,1,Get 20 Headshots
2029,20,1,Get 30 Headshots
2030,21,1,Get 40 Headshots
2031,22,1,Get 50 Headshots
2032,23,1,Get 60 Headshots
2033,24,1,Get 70 Headshots
2034,25,1,Get 80 Headshots
2035,26,1,Unlock all Multiplayer Military Camos
2036,26,2,Get a Kill with the Velox 5.7 while or shortly after sliding
2037,27,1,Unlock all Multiplayer Military Camos
2038,27,2,Get 30 Kills while or shortly after sprinting
2039,28,1,Unlock all Multiplayer Military Camos
2040,28,2,Kill 30 enemies affected by your Tactical Equipment
2041,29,1,Unlock all Multiplayer Special Camos
2042,29,2,Get 3 Kills without dying 10 times
2043,30,1,Unlock Shattered Gold Camo
2044,30,2,Unlock Shattered Gold Camo on 3 Pistols
2045,30,3,Get 10 Double Kills or better
2046,31,1,Unlock Arclight Camo
2047,31,2,Unlock Arclight Camo on 30 Weapons
2048,31,3,Get 5 Kills without dying 3 times
2049,32,1,Unlock Tempest Camo
2050,32,2,Unlock Tempest Camo on 30 Weapons
2051,33,1,Get 100 Critical Kills
2052,34,1,Get 200 Critical Kills
2053,35,1,Get 300 Critical Kills
2054,36,1,Get 400 Critical Kills
2055,37,1,Get 500 Critical Kills
2056,38,1,Get 600 Critical Kills
2057,39,1,Get 700 Critical Kills
2058,40,1,Get 800 Critical Kills
2059,41,1,Get 1000 Critical Kills
2060,42,1,Unlock all Zombies Military Camos
2061,42,2,Get 75 Armored Zombie Eliminations
2062,43,1,Unlock all Zombies Military Camos Camos
2063,43,2,With the Shadow Rift Ammo Mod equipped: get 300 Kills with the Shadow Rift activations
2064,44,1,Unlock all Zombies Military Camos
2065,44,2,Get 300 Eliminations with the Velox 5.7 at Rare Rarity or higher
2066,45,1,Unlock all Zombies Special Camos
2067,45,2,Get 10 Kills rapidly 15 times
2068,46,1,Unlock Golden Dragon Camo
2069,46,2,Unlock Golden Dragon Camo on 3 Pistols
2070,46,3,Get 20 or more consecutive Kills without taking damage 5 times
2071,47,1,Unlock Bloodstone Camo
2072,47,2,Unlock Bloodstone Camo on 30 Weapons
2073,47,3,Eliminate 10 Elite Zombies
2074,48,1,Unlock Doomsteel Camo
2075,48,2,Unlock Doomsteel Camo on 30 Weapons
2076,127,1,Reach Max Level with the AAROW 109
2077,127,2,Enter Weapon Prestige 1
2078,128,1,Reach Max Level with the AAROW 109
2079,128,2,Enter Weapon Prestige 2
2080,51,1,Reach Weapon Prestige Master Level 100 with the AAROW 109
2081,52,1,Reach Weapon Prestige Master Level 150 with the AAROW 109
2082,53,1,Reach Weapon Prestige Master Level 200 with the AAROW 109
2083,129,1,Reach Weapon Prestige Master Level 250 with the AAROW 109
2084,1,1,Get a Kill or destroy Guild Equipment or VTOLS 10 times
2085,2,1,Get a Kill or destroy Guild Equipment or VTOLS 20 times
2086,3,1,Get a Kill or destroy Guild Equipment or VTOLS 30 times
2087,4,1,Get a Kill or destroy Guild Equipment or VTOLS 40 times
2088,5,1,Get a Kill or destroy Guild Equipment or VTOLS 50 times
2089,6,1,Get a Kill or destroy Guild Equipment or VTOLS 60 times
2090,7,1,Get a Kill or destroy Guild Equipment or VTOLS 70 times
2091,8,1,Get a Kill or destroy Guild Equipment or VTOLS 80 times
2092,9,1,Get a Kill or destroy Guild Equipment or VTOLS 100 times
2093,10,1,Unlock all Co-Op Campaign Military Camos
2094,10,2,Get 25 Kills with a direct hit
2095,11,1,Unlock all Co-Op Campaign Camos
2096,11,2,Eliminate 100 Fear enemies
2097,12,1,Unlock all Co-Op Campaign Camos
2098,12,2,Kill 3 enemies with the same shot 10 times
2099,13,1,Unlock all Co-Op Campaign Special Camos
2100,13,2,Eliminate 20 Special enemies
2101,14,1,Unlock Molten Gold Camo
2102,14,2,Unlock Molten Gold Camo on 2 Launchers
2103,14,3,In Endgame: eliminate 100 Zone III or Zone IV enemies
2104,15,1,Unlock Moonstone Camo
2105,15,2,Unlock Moonstone Camo on 30 Weapons
2106,15,3,Eliminate 10 Elite enemies
2107,16,1,Unlock Chroma Flux Camo
2108,16,2,Unlock Chroma Flux Camo on 30 Weapons
2109,17,1,Get 5 Kills or Scorestreak Destructions
2110,18,1,Get 10 Kills or Scorestreak Destructions
2111,19,1,Get 15 Kills or Scorestreak Destructions
2112,20,1,Get 20 Kills or Scorestreak Destructions
2113,21,1,Get 25 Kills or Scorestreak Destructions
2114,22,1,Get 30 Kills or Scorestreak Destructions
2115,23,1,Get 35 Kills or Scorestreak Destructions
2116,24,1,Get 40 Kills or Scorestreak Destructions
2117,25,1,Get 50 Kills or Scorestreak Destructions
2118,26,1,Unlock all Multiplayer Military Camos
2119,26,2,Destroy 10 Aerial Scorestreaks
2120,27,1,Unlock all Multiplayer Military Camos
2121,27,2,Get 10 Direct Hit Kills
2122,28,1,Unlock all Multiplayer Military Camos
2123,28,2,Destroy 10 Scorestreaks
2124,29,1,Unlock all Multiplayer Special Camos
2125,29,2,Get 3 Kills without dying 10 times
2126,30,1,Unlock Shattered Gold Camo
2127,30,2,Unlock Shattered Gold Camo on 2 Launchers
2128,30,3,Get 10 Double Kills or better
2129,31,1,Unlock Arclight Camo
2130,31,2,Unlock Arclight Camo on 30 Weapons
2131,31,3,Get 5 Kills without dying 3 times
2132,32,1,Unlock Tempest Camo
2133,32,2,Unlock Tempest Camo on 30 Weapons
2134,33,1,Get 100 Eliminations
2135,34,1,Get 200 Eliminations
2136,35,1,Get 300 Eliminations
2137,36,1,Get 400 Eliminations
2138,37,1,Get 500 Eliminations
2139,38,1,Get 600 Eliminations
2140,39,1,Get 700 Eliminations
2141,40,1,Get 800 Eliminations
2142,41,1,Get 1000 Eliminations
2143,42,1,Unlock all Zombies Military Camos
2144,42,2,With the Fire Works Ammo Mod equipped: get 300 Kills with Fire Works activations
2145,43,1,Unlock all Zombies Military Camos Camos
2146,43,2,Get 300 Eliminations with the AAROW 109 while it's Pack-A-Punched
2147,44,1,Unlock all Zombies Military Camos
2148,44,2,Get 10 Kills without taking damage 5 times
2149,45,1,Unlock all Zombies Special Camos
2150,45,2,Get 10 Kills rapidly 15 times
2151,46,1,Unlock Golden Dragon Camo
2152,46,2,Unlock Golden Dragon Camo on 2 Launchers
2153,46,3,Get 20 or more consecutive Kills without taking damage 5 times
2154,47,1,Unlock Bloodstone Camo
2155,47,2,Unlock Bloodstone Camo on 30 Weapons
2156,47,3,Eliminate 10 Elite Zombies
2157,48,1,Unlock Doomsteel Camo
2158,48,2,Unlock Doomsteel Camo on 30 Weapons
2159,130,1,Reach Max Level with the A.R.C. M1
2160,130,2,Enter Weapon Prestige 1
2161,131,1,Reach Max Level with the A.R.C. M1
2162,131,2,Enter Weapon Prestige 2
2163,51,1,Reach Weapon Prestige Master Level 100 with the A.R.C. M1
2164,52,1,Reach Weapon Prestige Master Level 150 with the A.R.C. M1
2165,53,1,Reach Weapon Prestige Master Level 200 with the A.R.C. M1
2166,132,1,Reach Weapon Prestige Master Level 250 with the A.R.C. M1
2167,1,1,Get a Kill or destroy Guild Equipment or VTOLS 10 times
2168,2,1,Get a Kill or destroy Guild Equipment or VTOLS 20 times
2169,3,1,Get a Kill or destroy Guild Equipment or VTOLS 30 times
2170,4,1,Get a Kill or destroy Guild Equipment or VTOLS 40 times
2171,5,1,Get a Kill or destroy Guild Equipment or VTOLS 50 times
2172,6,1,Get a Kill or destroy Guild Equipment or VTOLS 60 times
2173,7,1,Get a Kill or destroy Guild Equipment or VTOLS 70 times
2174,8,1,Get a Kill or destroy Guild Equipment or VTOLS 80 times
2175,9,1,Get a Kill or destroy Guild Equipment or VTOLS 100 times
2176,10,1,Unlock all Co-Op Campaign Military Camos
2177,10,2,Get 25 Kills shortly after switching weapons
2178,11,1,Unlock all Co-Op Campaign Camos
2179,11,2,Get 50 Kills with the A.R.C. M1 while Aiming Down Sights and moving
2180,12,1,Unlock all Co-Op Campaign Camos
2181,12,2,Eliminate 50 Guild Tech enemies
2182,13,1,Unlock all Co-Op Campaign Special Camos
2183,13,2,Eliminate 20 Special enemies
2184,14,1,Unlock Molten Gold Camo
2185,14,2,Unlock Molten Gold Camo on 2 Launchers
2186,14,3,In Endgame: eliminate 100 Zone III or Zone IV enemies
2187,15,1,Unlock Moonstone Camo
2188,15,2,Unlock Moonstone Camo on 30 Weapons
2189,15,3,Eliminate 10 Elite enemies
2190,16,1,Unlock Chroma Flux Camo
2191,16,2,Unlock Chroma Flux Camo on 30 Weapons
2192,17,1,Get 5 Kills or Scorestreak Destructions
2193,18,1,Get 10 Kills or Scorestreak Destructions
2194,19,1,Get 15 Kills or Scorestreak Destructions
2195,20,1,Get 20 Kills or Scorestreak Destructions
2196,21,1,Get 25 Kills or Scorestreak Destructions
2197,22,1,Get 30 Kills or Scorestreak Destructions
2198,23,1,Get 35 Kills or Scorestreak Destructions
2199,24,1,Get 40 Kills or Scorestreak Destructions
2200,25,1,Get 50 Kills or Scorestreak Destructions
2201,26,1,Unlock all Multiplayer Military Camos
2202,26,2,Destroy 10 Aerial Scorestreaks
2203,27,1,Unlock all Multiplayer Military Camos
2204,27,2,Get a Kill without taking damage 30 times
2205,28,1,Unlock all Multiplayer Military Camos
2206,28,2,Destroy 10 Scorestreaks
2207,29,1,Unlock all Multiplayer Special Camos
2208,29,2,Get 3 Kills without dying 10 times
2209,30,1,Unlock Shattered Gold Camo
2210,30,2,Unlock Shattered Gold Camo on 2 Launchers
2211,30,3,Get 10 Double Kills or better
2212,31,1,Unlock Arclight Camo
2213,31,2,Unlock Arclight Camo on 30 Weapons
2214,31,3,Get 5 Kills without dying 3 times
2215,32,1,Unlock Tempest Camo
2216,32,2,Unlock Tempest Camo on 30 Weapons
2217,33,1,Get 100 Eliminations
2218,34,1,Get 200 Eliminations
2219,35,1,Get 300 Eliminations
2220,36,1,Get 400 Eliminations
2221,37,1,Get 500 Eliminations
2222,38,1,Get 600 Eliminations
2223,39,1,Get 700 Eliminations
2224,40,1,Get 800 Eliminations
2225,41,1,Get 1000 Eliminations
2226,42,1,Unlock all Zombies Military Camos
2227,42,2,With Tier 2 or higher Armor equipped: get 150 Eliminations
2228,43,1,Unlock all Zombies Military Camos Camos
2229,43,2,Get 75 Armored Zombie Eliminations
2230,44,1,Unlock all Zombies Military Camos
2231,44,2,With the Fire Works Ammo Mod equipped: get 75 Kills with Fire Works activations
2232,45,1,Unlock all Zombies Special Camos
2233,45,2,Get 10 Kills rapidly 15 times
2234,46,1,Unlock Golden Dragon Camo
2235,46,2,Unlock Golden Dragon Camo on 2 Launchers
2236,46,3,Get 20 or more consecutive Kills without taking damage 5 times
2237,47,1,Unlock Bloodstone Camo
2238,47,2,Unlock Bloodstone Camo on 30 Weapons
2239,47,3,Eliminate 10 Elite Zombies
2240,48,1,Unlock Doomsteel Camo
2241,48,2,Unlock Doomsteel Camo on 30 Weapons
2242,133,1,Reach Max Level with the Knife
2243,133,2,Enter Weapon Prestige 1
2244,134,1,Reach Max Level with the Knife
2245,134,2,Enter Weapon Prestige 2
2246,51,1,Reach Weapon Prestige Master Level 100 with the Knife
2247,52,1,Reach Weapon Prestige Master Level 150 with the Knife
2248,53,1,Reach Weapon Prestige Master Level 200 with the Knife
2249,135,1,Reach Weapon Prestige Master Level 250 with the Knife
2250,1,1,Get 10 Kills
2251,2,1,Get 25 Kills
2252,3,1,Get 50 Kills
2253,4,1,Get 75 Kills
2254,5,1,Get 100 Kills
2255,6,1,Get 125 Kills
2256,7,1,Get 150 Kills
2257,8,1,Get 200 Kills
2258,9,1,Get 250 Kills
2259,10,1,Unlock all Co-Op Campaign Military Camos
2260,10,2,Get 100 Eliminations with the Knife at Rare Rarity or higher
2261,11,1,Unlock all Co-Op Campaign Camos
2262,11,2,Get 50 Kills shortly after sprinting
2263,12,1,Unlock all Co-Op Campaign Camos
2264,12,2,Eliminate 50 Guild Tech enemies
2265,13,1,Unlock all Co-Op Campaign Special Camos
2266,13,2,Eliminate 20 Special enemies
2267,14,1,Unlock Molten Gold Camo
2268,14,2,Unlock Molten Gold Camo on 2 Melee Weapons
2269,14,3,In Endgame: eliminate 100 Zone III or Zone IV enemies
2270,15,1,Unlock Moonstone Camo
2271,15,2,Unlock Moonstone Camo on 30 Weapons
2272,15,3,Eliminate 10 Elite enemies
2273,16,1,Unlock Chroma Flux Camo
2274,16,2,Unlock Chroma Flux Camo on 30 Weapons
2275,17,1,Get 5 Kills
2276,18,1,Get 10 Kills
2277,19,1,Get 20 Kills
2278,20,1,Get 30 Kills
2279,21,1,Get 40 Kills
2280,22,1,Get 50 Kills
2281,23,1,Get 60 Kills
2282,24,1,Get 70 Kills
2283,25,1,Get 80 Kills
2284,26,1,Unlock all Multiplayer Military Camos
2285,26,2,Get 15 Kills shortly after switching weapons
2286,27,1,Unlock all Multiplayer Military Camos
2287,27,2,Get a Kill with the Knife while or shortly after sliding
2288,28,1,Unlock all Multiplayer Military Camos
2289,28,2,Get a Kill without taking damage 30 times
2290,29,1,Unlock all Multiplayer Special Camos
2291,29,2,Get 3 Kills without dying 10 times
2292,30,1,Unlock Shattered Gold Camo
2293,30,2,Unlock Shattered Gold Camo on 2 Melee Weapons
2294,30,3,Get 10 Double Kills or better
2295,31,1,Unlock Arclight Camo
2296,31,2,Unlock Arclight Camo on 30 Weapons
2297,31,3,Get 5 Kills without dying 3 times
2298,32,1,Unlock Tempest Camo
2299,32,2,Unlock Tempest Camo on 30 Weapons
2300,33,1,Get 100 Eliminations
2301,34,1,Get 200 Eliminations
2302,35,1,Get 300 Eliminations
2303,36,1,Get 400 Eliminations
2304,37,1,Get 500 Eliminations
2305,38,1,Get 600 Eliminations
2306,39,1,Get 700 Eliminations
2307,40,1,Get 800 Eliminations
2308,41,1,Get 1000 Eliminations
2309,42,1,Unlock all Zombies Military Camos
2310,42,2,Get 300 Eliminations with the Knife while it's Pack-A-Punched
2311,43,1,Unlock all Zombies Military Camos Camos
2312,43,2,With the Brain Rot Ammo Mod equipped: get 300 Eliminations
2313,44,1,Unlock all Zombies Military Camos
2314,44,2,Get 100 Kills shortly after using a Field Upgrade
2315,45,1,Unlock all Zombies Special Camos
2316,45,2,Get 10 Kills rapidly 15 times
2317,46,1,Unlock Golden Dragon Camo
2318,46,2,Unlock Golden Dragon Camo on 2 Melee Weapons
2319,46,3,Get 20 or more consecutive Kills without taking damage 5 times
2320,47,1,Unlock Bloodstone Camo
2321,47,2,Unlock Bloodstone Camo on 30 Weapons
2322,47,3,Eliminate 10 Elite Zombies
2323,48,1,Unlock Doomsteel Camo
2324,48,2,Unlock Doomsteel Camo on 30 Weapons
2325,136,1,Reach Max Level with the Flatline MK. II
2326,136,2,Enter Weapon Prestige 1
2327,137,1,Reach Max Level with the Flatline MK. II
2328,137,2,Enter Weapon Prestige 2
2329,51,1,Reach Weapon Prestige Master Level 100 with the Flatline MK. II
2330,52,1,Reach Weapon Prestige Master Level 150 with the Flatline MK. II
2331,53,1,Reach Weapon Prestige Master Level 200 with the Flatline MK. II
2332,138,1,Reach Weapon Prestige Master Level 250 with the Flatline MK. II
2333,1,1,Get 10 Kills
2334,2,1,Get 25 Kills
2335,3,1,Get 50 Kills
2336,4,1,Get 75 Kills
2337,5,1,Get 100 Kills
2338,6,1,Get 125 Kills
2339,7,1,Get 150 Kills
2340,8,1,Get 200 Kills
2341,9,1,Get 250 Kills
2342,10,1,Unlock all Co-Op Campaign Military Camos
2343,10,2,Eliminate 100 Human (NPC) enemies
2344,11,1,Unlock all Co-Op Campaign Camos
2345,11,2,Get 25 Kills shortly after switching weapons
2346,12,1,Unlock all Co-Op Campaign Camos
2347,12,2,Get 25 Kills with the Flatline MK.II shortly after sliding
2348,13,1,Unlock all Co-Op Campaign Special Camos
2349,13,2,Eliminate 20 Special enemies
2350,14,1,Unlock Molten Gold Camo
2351,14,2,Unlock Molten Gold Camo on 2 Melee Weapons
2352,14,3,In Endgame: eliminate 100 Zone III or Zone IV enemies
2353,15,1,Unlock Moonstone Camo
2354,15,2,Unlock Moonstone Camo on 30 Weapons
2355,15,3,Eliminate 10 Elite enemies
2356,16,1,Unlock Chroma Flux Camo
2357,16,2,Unlock Chroma Flux Camo on 30 Weapons
2358,17,1,Get 5 Kills
2359,18,1,Get 10 Kills
2360,19,1,Get 20 Kills
2361,20,1,Get 30 Kills
2362,21,1,Get 40 Kills
2363,22,1,Get 50 Kills
2364,23,1,Get 60 Kills
2365,24,1,Get 70 Kills
2366,25,1,Get 80 Kills
2367,26,1,Unlock all Multiplayer Military Camos
2368,26,2,Get 15 Kills shortly after switching weapons
2369,27,1,Unlock all Multiplayer Military Camos
2370,27,2,Kill 30 enemies affected by your Tactical Equipment
2371,28,1,Unlock all Multiplayer Military Camos
2372,28,2,Get 50 Kills while moving
2373,29,1,Unlock all Multiplayer Special Camos
2374,29,2,Get 3 Kills without dying 10 times
2375,30,1,Unlock Shattered Gold Camo
2376,30,2,Unlock Shattered Gold Camo on 2 Melee Weapons
2377,30,3,Get 10 Double Kills or better
2378,31,1,Unlock Arclight Camo
2379,31,2,Unlock Arclight Camo on 30 Weapons
2380,31,3,Get 5 Kills without dying 3 times
2381,32,1,Unlock Tempest Camo
2382,32,2,Unlock Tempest Camo on 30 Weapons
2383,33,1,Get 100 Eliminations
2384,34,1,Get 200 Eliminations
2385,35,1,Get 300 Eliminations
2386,36,1,Get 400 Eliminations
2387,37,1,Get 500 Eliminations
2388,38,1,Get 600 Eliminations
2389,39,1,Get 700 Eliminations
2390,40,1,Get 800 Eliminations
2391,41,1,Get 1000 Eliminations
2392,42,1,Unlock all Zombies Military Camos
2393,42,2,Get 300 Eliminations with the Flatline at Rare Rarity or higher
2394,43,1,Unlock all Zombies Military Camos Camos
2395,43,2,With the Cryo Freeze Ammo Mod equipped: get 300 Eliminations
2396,44,1,Unlock all Zombies Military Camos
2397,44,2,Kill 100 enemies affected by your Tactical Equipment
2398,45,1,Unlock all Zombies Special Camos
2399,45,2,Get 10 Kills rapidly 15 times
2400,46,1,Unlock Golden Dragon Camo
2401,46,2,Unlock Golden Dragon Camo on 2 Melee Weapons
2402,46,3,Get 20 or more consecutive Kills without taking damage 5 times
2403,47,1,Unlock Bloodstone Camo
2404,47,2,Unlock Bloodstone Camo on 30 Weapons
2405,47,3,Eliminate 10 Elite Zombies
2406,48,1,Unlock Doomsteel Camo
2407,48,2,Unlock Doomsteel Camo on 30 Weapons
